product_id,name,category,brand,price,rating,stock,supplier,delivery_days,warranty_months,compliance_level,description,tags
P-0001,Asus Plus Laptop 100,Laptop,Asus,762.51,4.1,217,Fabrikam Procurement,8,36,Business,"Asus laptop for enterprise procurement, team onboarding and managed office equipment refreshes.","laptop, office, enterprise, standard-delivery, value"
P-0002,Lenovo Secure Laptop 101,Laptop,Lenovo,966.5,3.9,162,Initech Corporate Supply,4,36,Business,"Lenovo laptop for enterprise procurement, team onboarding and managed office equipment refreshes.","laptop, office, enterprise, fast-delivery, value"
P-0003,Dell Pro Laptop 102,Laptop,Dell,735.18,4.1,146,Initech Corporate Supply,10,48,Eco-Preferred,"Dell laptop for enterprise procurement, team onboarding and managed office equipment refreshes.","laptop, office, enterprise, standard-delivery, value"
P-0004,HP Essential Laptop 103,Laptop,HP,641.38,4.2,50,Northwind Office Supply,9,36,Eco-Preferred,"HP laptop for enterprise procurement, team onboarding and managed office equipment refreshes.","laptop, office, enterprise, standard-delivery, value"
P-0005,Acer Fleet Laptop 104,Laptop,Acer,994.18,4.4,234,Globex Workplace,4,36,ISO-Ready,"Acer laptop for enterprise procurement, team onboarding and managed office equipment refreshes.","laptop, office, enterprise, fast-delivery, high-rating"
P-0006,Acer Ultra Laptop 105,Laptop,Acer,794.96,4.1,175,Initech Corporate Supply,2,48,Eco-Preferred,"Acer laptop for enterprise procurement, team onboarding and managed office equipment refreshes.","laptop, office, enterprise, fast-delivery, value"
P-0007,HP Secure Laptop 106,Laptop,HP,700.05,4.5,82,Umbrella Office Systems,1,36,ISO-Ready,"HP laptop for enterprise procurement, team onboarding and managed office equipment refreshes.","laptop, office, enterprise, fast-delivery, high-rating"
P-0008,Dell Team Laptop 107,Laptop,Dell,1618.14,4.6,24,Globex Workplace,12,24,Enterprise,"Dell laptop for enterprise procurement, team onboarding and managed office equipment refreshes.","laptop, office, enterprise, standard-delivery, high-rating"
P-0009,Lenovo Team Laptop 108,Laptop,Lenovo,913.93,4.3,140,Initech Corporate Supply,11,48,Enterprise,"Lenovo laptop for enterprise procurement, team onboarding and managed office equipment refreshes.","laptop, office, enterprise, standard-delivery, value"
P-0010,Dell Plus Laptop 109,Laptop,Dell,1267.41,3.9,141,Umbrella Office Systems,2,48,Standard,"Dell laptop for enterprise procurement, team onboarding and managed office equipment refreshes.","laptop, office, enterprise, fast-delivery, value"
P-0011,Dell Plus Laptop 110,Laptop,Dell,849.68,4.7,143,Globex Workplace,4,24,Enterprise,"Dell laptop for enterprise procurement, team onboarding and managed office equipment refreshes.","laptop, office, enterprise, fast-delivery, high-rating"
P-0012,Lenovo Fleet Laptop 111,Laptop,Lenovo,574.59,4.2,34,Contoso Business Tech,12,36,Standard,"Lenovo laptop for enterprise procurement, team onboarding and managed office equipment refreshes.","laptop, office, enterprise, standard-delivery, value"
P-0013,Asus Fleet Laptop 112,Laptop,Asus,1399.04,4.6,169,Fabrikam Procurement,9,36,Enterprise,"Asus laptop for enterprise procurement, team onboarding and managed office equipment refreshes.","laptop, office, enterprise, standard-delivery, high-rating"
P-0014,Lenovo Fleet Laptop 113,Laptop,Lenovo,1035.84,4.1,68,Northwind Office Supply,7,24,ISO-Ready,"Lenovo laptop for enterprise procurement, team onboarding and managed office equipment refreshes.","laptop, office, enterprise, standard-delivery, value"
P-0015,Acer Ergo Laptop 114,Laptop,Acer,1057.56,4.3,190,Globex Workplace,1,48,Eco-Preferred,"Acer laptop for enterprise procurement, team onboarding and managed office equipment refreshes.","laptop, office, enterprise, fast-delivery, value"
P-0016,HP Ergo Laptop 115,Laptop,HP,1384.09,4.1,10,Northwind Office Supply,3,24,ISO-Ready,"HP laptop for enterprise procurement, team onboarding and managed office equipment refreshes.","laptop, office, enterprise, fast-delivery, value"
P-0017,Dell Ultra Laptop 116,Laptop,Dell,1025.6,4.1,84,Contoso Business Tech,6,48,Eco-Preferred,"Dell laptop for enterprise procurement, team onboarding and managed office equipment refreshes.","laptop, office, enterprise, standard-delivery, value"
P-0018,HP Essential Laptop 117,Laptop,HP,969.67,4.1,78,Contoso Business Tech,9,24,ISO-Ready,"HP laptop for enterprise procurement, team onboarding and managed office equipment refreshes.","laptop, office, enterprise, standard-delivery, value"
P-0019,HP Team Laptop 118,Laptop,HP,750.47,4.2,52,Initech Corporate Supply,11,24,Eco-Preferred,"HP laptop for enterprise procurement, team onboarding and managed office equipment refreshes.","laptop, office, enterprise, standard-delivery, value"
P-0020,Lenovo Plus Laptop 119,Laptop,Lenovo,643.1,4.4,193,Umbrella Office Systems,11,12,ISO-Ready,"Lenovo laptop for enterprise procurement, team onboarding and managed office equipment refreshes.","laptop, office, enterprise, standard-delivery, high-rating"
P-0021,Lenovo Ultra Laptop 120,Laptop,Lenovo,562.05,4.2,47,Globex Workplace,10,48,Enterprise,"Lenovo laptop for enterprise procurement, team onboarding and managed office equipment refreshes.","laptop, office, enterprise, standard-delivery, value"
P-0022,Asus Ultra Laptop 121,Laptop,Asus,557.07,4.8,171,Umbrella Office Systems,8,24,Enterprise,"Asus laptop for enterprise procurement, team onboarding and managed office equipment refreshes.","laptop, office, enterprise, standard-delivery, high-rating"
P-0023,Lenovo Fleet Laptop 122,Laptop,Lenovo,803.09,4.1,244,Northwind Office Supply,9,36,ISO-Ready,"Lenovo laptop for enterprise procurement, team onboarding and managed office equipment refreshes.","laptop, office, enterprise, standard-delivery, value"
P-0024,Dell Secure Laptop 123,Laptop,Dell,911.95,4.0,223,Initech Corporate Supply,3,12,ISO-Ready,"Dell laptop for enterprise procurement, team onboarding and managed office equipment refreshes.","laptop, office, enterprise, fast-delivery, value"
P-0025,HP Secure Laptop 124,Laptop,HP,1391.66,4.2,141,Initech Corporate Supply,6,24,Business,"HP laptop for enterprise procurement, team onboarding and managed office equipment refreshes.","laptop, office, enterprise, standard-delivery, value"
P-0026,LG Ultra Monitor 100,Monitor,LG,348.29,4.6,49,Contoso Business Tech,11,12,Business,"LG monitor for enterprise procurement, team onboarding and managed office equipment refreshes.","monitor, office, enterprise, standard-delivery, high-rating"
P-0027,Dell Secure Monitor 101,Monitor,Dell,268.64,4.5,251,Northwind Office Supply,2,24,Business,"Dell monitor for enterprise procurement, team onboarding and managed office equipment refreshes.","monitor, office, enterprise, fast-delivery, high-rating"
P-0028,BenQ Fleet Monitor 102,Monitor,BenQ,371.63,4.9,104,Contoso Business Tech,6,24,ISO-Ready,"BenQ monitor for enterprise procurement, team onboarding and managed office equipment refreshes.","monitor, office, enterprise, standard-delivery, high-rating"
P-0029,LG Ultra Monitor 103,Monitor,LG,385.44,4.6,191,Umbrella Office Systems,11,24,Enterprise,"LG monitor for enterprise procurement, team onboarding and managed office equipment refreshes.","monitor, office, enterprise, standard-delivery, high-rating"
P-0030,Samsung Ergo Monitor 104,Monitor,Samsung,548.29,3.9,100,Umbrella Office Systems,6,24,Enterprise,"Samsung monitor for enterprise procurement, team onboarding and managed office equipment refreshes.","monitor, office, enterprise, standard-delivery, value"
P-0031,ViewSonic Secure Monitor 105,Monitor,ViewSonic,482.62,4.4,192,Contoso Business Tech,1,12,Business,"ViewSonic monitor for enterprise procurement, team onboarding and managed office equipment refreshes.","monitor, office, enterprise, fast-delivery, high-rating"
P-0032,Samsung Secure Monitor 106,Monitor,Samsung,381.64,4.5,98,Globex Workplace,6,12,ISO-Ready,"Samsung monitor for enterprise procurement, team onboarding and managed office equipment refreshes.","monitor, office, enterprise, standard-delivery, high-rating"
P-0033,Samsung Team Monitor 107,Monitor,Samsung,351.3,4.4,239,Globex Workplace,10,36,Standard,"Samsung monitor for enterprise procurement, team onboarding and managed office equipment refreshes.","monitor, office, enterprise, standard-delivery, high-rating"
P-0034,Samsung Essential Monitor 108,Monitor,Samsung,328.84,4.9,146,Northwind Office Supply,8,48,Eco-Preferred,"Samsung monitor for enterprise procurement, team onboarding and managed office equipment refreshes.","monitor, office, enterprise, standard-delivery, high-rating"
P-0035,Samsung Team Monitor 109,Monitor,Samsung,332.95,4.9,168,Northwind Office Supply,2,24,Business,"Samsung monitor for enterprise procurement, team onboarding and managed office equipment refreshes.","monitor, office, enterprise, fast-delivery, high-rating"
P-0036,BenQ Ultra Monitor 110,Monitor,BenQ,558.9,4.5,69,Globex Workplace,3,48,Standard,"BenQ monitor for enterprise procurement, team onboarding and managed office equipment refreshes.","monitor, office, enterprise, fast-delivery, high-rating"
P-0037,LG Plus Monitor 111,Monitor,LG,163.92,4.2,119,Initech Corporate Supply,11,48,ISO-Ready,"LG monitor for enterprise procurement, team onboarding and managed office equipment refreshes.","monitor, office, enterprise, standard-delivery, value"
P-0038,Samsung Pro Monitor 112,Monitor,Samsung,616.89,4.4,248,Initech Corporate Supply,8,24,Business,"Samsung monitor for enterprise procurement, team onboarding and managed office equipment refreshes.","monitor, office, enterprise, standard-delivery, high-rating"
P-0039,BenQ Ergo Monitor 113,Monitor,BenQ,602.79,4.7,238,Contoso Business Tech,4,24,Standard,"BenQ monitor for enterprise procurement, team onboarding and managed office equipment refreshes.","monitor, office, enterprise, fast-delivery, high-rating"
P-0040,Samsung Essential Monitor 114,Monitor,Samsung,242.64,4.9,252,Umbrella Office Systems,5,36,Enterprise,"Samsung monitor for enterprise procurement, team onboarding and managed office equipment refreshes.","monitor, office, enterprise, fast-delivery, high-rating"
P-0041,BenQ Essential Monitor 115,Monitor,BenQ,491.05,4.6,84,Northwind Office Supply,1,36,Business,"BenQ monitor for enterprise procurement, team onboarding and managed office equipment refreshes.","monitor, office, enterprise, fast-delivery, high-rating"
P-0042,Dell Ultra Monitor 116,Monitor,Dell,607.91,3.9,238,Globex Workplace,2,36,Eco-Preferred,"Dell monitor for enterprise procurement, team onboarding and managed office equipment refreshes.","monitor, office, enterprise, fast-delivery, value"
P-0043,BenQ Plus Monitor 117,Monitor,BenQ,223.45,4.2,250,Umbrella Office Systems,5,36,Business,"BenQ monitor for enterprise procurement, team onboarding and managed office equipment refreshes.","monitor, office, enterprise, fast-delivery, value"
P-0044,ViewSonic Ultra Monitor 118,Monitor,ViewSonic,664.92,4.5,202,Umbrella Office Systems,5,48,ISO-Ready,"ViewSonic monitor for enterprise procurement, team onboarding and managed office equipment refreshes.","monitor, office, enterprise, fast-delivery, high-rating"
P-0045,Samsung Pro Monitor 119,Monitor,Samsung,376.99,4.4,131,Initech Corporate Supply,2,12,Standard,"Samsung monitor for enterprise procurement, team onboarding and managed office equipment refreshes.","monitor, office, enterprise, fast-delivery, high-rating"
P-0046,BenQ Ergo Monitor 120,Monitor,BenQ,377.36,4.7,79,Initech Corporate Supply,4,48,Enterprise,"BenQ monitor for enterprise procurement, team onboarding and managed office equipment refreshes.","monitor, office, enterprise, fast-delivery, high-rating"
P-0047,ViewSonic Secure Monitor 121,Monitor,ViewSonic,262.66,4.5,173,Globex Workplace,1,24,Standard,"ViewSonic monitor for enterprise procurement, team onboarding and managed office equipment refreshes.","monitor, office, enterprise, fast-delivery, high-rating"
P-0048,LG Fleet Monitor 122,Monitor,LG,567.01,4.0,31,Northwind Office Supply,9,48,Standard,"LG monitor for enterprise procurement, team onboarding and managed office equipment refreshes.","monitor, office, enterprise, standard-delivery, value"
P-0049,Dell Team Monitor 123,Monitor,Dell,171.77,4.9,230,Umbrella Office Systems,6,24,Eco-Preferred,"Dell monitor for enterprise procurement, team onboarding and managed office equipment refreshes.","monitor, office, enterprise, standard-delivery, high-rating"
P-0050,Samsung Pro Monitor 124,Monitor,Samsung,144.75,4.4,173,Umbrella Office Systems,5,36,Eco-Preferred,"Samsung monitor for enterprise procurement, team onboarding and managed office equipment refreshes.","monitor, office, enterprise, fast-delivery, high-rating"
P-0051,Keychron Fleet Keyboard 100,Keyboard,Keychron,77.16,4.1,90,Northwind Office Supply,8,24,Enterprise,"Keychron keyboard for enterprise procurement, team onboarding and managed office equipment refreshes.","keyboard, office, enterprise, standard-delivery, value"
P-0052,HP Essential Keyboard 101,Keyboard,HP,55.48,4.7,98,Contoso Business Tech,1,24,Business,"HP keyboard for enterprise procurement, team onboarding and managed office equipment refreshes.","keyboard, office, enterprise, fast-delivery, high-rating"
P-0053,Microsoft Pro Keyboard 102,Keyboard,Microsoft,96.76,4.2,24,Initech Corporate Supply,12,36,Business,"Microsoft keyboard for enterprise procurement, team onboarding and managed office equipment refreshes.","keyboard, office, enterprise, standard-delivery, value"
P-0054,Microsoft Ergo Keyboard 103,Keyboard,Microsoft,117.09,4.2,48,Initech Corporate Supply,5,48,Enterprise,"Microsoft keyboard for enterprise procurement, team onboarding and managed office equipment refreshes.","keyboard, office, enterprise, fast-delivery, value"
P-0055,HP Essential Keyboard 104,Keyboard,HP,113.01,4.2,222,Fabrikam Procurement,3,48,Standard,"HP keyboard for enterprise procurement, team onboarding and managed office equipment refreshes.","keyboard, office, enterprise, fast-delivery, value"
P-0056,Dell Fleet Keyboard 105,Keyboard,Dell,33.19,4.8,128,Umbrella Office Systems,11,48,Standard,"Dell keyboard for enterprise procurement, team onboarding and managed office equipment refreshes.","keyboard, office, enterprise, standard-delivery, high-rating"
P-0057,Microsoft Ergo Keyboard 106,Keyboard,Microsoft,27.55,3.9,256,Initech Corporate Supply,7,12,Eco-Preferred,"Microsoft keyboard for enterprise procurement, team onboarding and managed office equipment refreshes.","keyboard, office, enterprise, standard-delivery, value"
P-0058,Dell Secure Keyboard 107,Keyboard,Dell,69.33,4.6,197,Initech Corporate Supply,10,36,ISO-Ready,"Dell keyboard for enterprise procurement, team onboarding and managed office equipment refreshes.","keyboard, office, enterprise, standard-delivery, high-rating"
P-0059,Dell Pro Keyboard 108,Keyboard,Dell,64.86,4.5,26,Northwind Office Supply,7,24,Eco-Preferred,"Dell keyboard for enterprise procurement, team onboarding and managed office equipment refreshes.","keyboard, office, enterprise, standard-delivery, high-rating"
P-0060,Logitech Team Keyboard 109,Keyboard,Logitech,25.42,4.6,71,Initech Corporate Supply,7,12,Eco-Preferred,"Logitech keyboard for enterprise procurement, team onboarding and managed office equipment refreshes.","keyboard, office, enterprise, standard-delivery, high-rating"
P-0061,HP Fleet Keyboard 110,Keyboard,HP,158.58,4.7,178,Initech Corporate Supply,2,48,Standard,"HP keyboard for enterprise procurement, team onboarding and managed office equipment refreshes.","keyboard, office, enterprise, fast-delivery, high-rating"
P-0062,Microsoft Essential Keyboard 111,Keyboard,Microsoft,119.36,4.6,73,Contoso Business Tech,5,36,Business,"Microsoft keyboard for enterprise procurement, team onboarding and managed office equipment refreshes.","keyboard, office, enterprise, fast-delivery, high-rating"
P-0063,Keychron Pro Keyboard 112,Keyboard,Keychron,63.62,4.0,32,Globex Workplace,12,12,Business,"Keychron keyboard for enterprise procurement, team onboarding and managed office equipment refreshes.","keyboard, office, enterprise, standard-delivery, value"
P-0064,HP Fleet Keyboard 113,Keyboard,HP,116.51,4.5,60,Initech Corporate Supply,1,48,Business,"HP keyboard for enterprise procurement, team onboarding and managed office equipment refreshes.","keyboard, office, enterprise, fast-delivery, high-rating"
P-0065,Microsoft Team Keyboard 114,Keyboard,Microsoft,153.17,3.9,199,Initech Corporate Supply,1,36,Eco-Preferred,"Microsoft keyboard for enterprise procurement, team onboarding and managed office equipment refreshes.","keyboard, office, enterprise, fast-delivery, value"
P-0066,Microsoft Ultra Keyboard 115,Keyboard,Microsoft,62.63,4.3,65,Northwind Office Supply,10,12,Standard,"Microsoft keyboard for enterprise procurement, team onboarding and managed office equipment refreshes.","keyboard, office, enterprise, standard-delivery, value"
P-0067,Logitech Ergo Keyboard 116,Keyboard,Logitech,88.47,4.7,243,Initech Corporate Supply,9,48,Standard,"Logitech keyboard for enterprise procurement, team onboarding and managed office equipment refreshes.","keyboard, office, enterprise, standard-delivery, high-rating"
P-0068,Dell Ultra Keyboard 117,Keyboard,Dell,107.35,3.9,124,Umbrella Office Systems,12,12,Eco-Preferred,"Dell keyboard for enterprise procurement, team onboarding and managed office equipment refreshes.","keyboard, office, enterprise, standard-delivery, value"
P-0069,Keychron Ergo Keyboard 118,Keyboard,Keychron,54.71,4.7,163,Umbrella Office Systems,2,48,Eco-Preferred,"Keychron keyboard for enterprise procurement, team onboarding and managed office equipment refreshes.","keyboard, office, enterprise, fast-delivery, high-rating"
P-0070,HP Plus Keyboard 119,Keyboard,HP,68.32,4.4,211,Initech Corporate Supply,12,48,Business,"HP keyboard for enterprise procurement, team onboarding and managed office equipment refreshes.","keyboard, office, enterprise, standard-delivery, high-rating"
P-0071,HP Essential Keyboard 120,Keyboard,HP,110.7,4.4,85,Umbrella Office Systems,10,36,Eco-Preferred,"HP keyboard for enterprise procurement, team onboarding and managed office equipment refreshes.","keyboard, office, enterprise, standard-delivery, high-rating"
P-0072,Dell Pro Keyboard 121,Keyboard,Dell,128.59,4.0,100,Umbrella Office Systems,2,36,ISO-Ready,"Dell keyboard for enterprise procurement, team onboarding and managed office equipment refreshes.","keyboard, office, enterprise, fast-delivery, value"
P-0073,Microsoft Pro Keyboard 122,Keyboard,Microsoft,45.35,4.7,145,Umbrella Office Systems,6,24,Eco-Preferred,"Microsoft keyboard for enterprise procurement, team onboarding and managed office equipment refreshes.","keyboard, office, enterprise, standard-delivery, high-rating"
P-0074,Logitech Team Keyboard 123,Keyboard,Logitech,125.8,4.1,140,Fabrikam Procurement,3,36,Enterprise,"Logitech keyboard for enterprise procurement, team onboarding and managed office equipment refreshes.","keyboard, office, enterprise, fast-delivery, value"
P-0075,Logitech Plus Keyboard 124,Keyboard,Logitech,146.54,4.4,74,Initech Corporate Supply,3,24,Business,"Logitech keyboard for enterprise procurement, team onboarding and managed office equipment refreshes.","keyboard, office, enterprise, fast-delivery, high-rating"
P-0076,Logitech Ergo Mouse 100,Mouse,Logitech,75.36,4.5,178,Umbrella Office Systems,7,48,Enterprise,"Logitech mouse for enterprise procurement, team onboarding and managed office equipment refreshes.","mouse, office, enterprise, standard-delivery, high-rating"
P-0077,Razer Essential Mouse 101,Mouse,Razer,27.05,4.7,149,Globex Workplace,7,24,ISO-Ready,"Razer mouse for enterprise procurement, team onboarding and managed office equipment refreshes.","mouse, office, enterprise, standard-delivery, high-rating"
P-0078,Anker Fleet Mouse 102,Mouse,Anker,41.49,4.7,83,Initech Corporate Supply,7,12,Business,"Anker mouse for enterprise procurement, team onboarding and managed office equipment refreshes.","mouse, office, enterprise, standard-delivery, high-rating"
P-0079,Logitech Team Mouse 103,Mouse,Logitech,47.59,4.6,232,Initech Corporate Supply,2,24,Enterprise,"Logitech mouse for enterprise procurement, team onboarding and managed office equipment refreshes.","mouse, office, enterprise, fast-delivery, high-rating"
P-0080,Microsoft Ergo Mouse 104,Mouse,Microsoft,106.44,4.2,94,Contoso Business Tech,10,36,Business,"Microsoft mouse for enterprise procurement, team onboarding and managed office equipment refreshes.","mouse, office, enterprise, standard-delivery, value"
P-0081,Anker Secure Mouse 105,Mouse,Anker,59.43,4.1,255,Umbrella Office Systems,1,36,Enterprise,"Anker mouse for enterprise procurement, team onboarding and managed office equipment refreshes.","mouse, office, enterprise, fast-delivery, value"
P-0082,Razer Essential Mouse 106,Mouse,Razer,93.54,4.8,186,Fabrikam Procurement,4,12,Eco-Preferred,"Razer mouse for enterprise procurement, team onboarding and managed office equipment refreshes.","mouse, office, enterprise, fast-delivery, high-rating"
P-0083,Razer Ultra Mouse 107,Mouse,Razer,17.94,4.8,141,Northwind Office Supply,1,36,ISO-Ready,"Razer mouse for enterprise procurement, team onboarding and managed office equipment refreshes.","mouse, office, enterprise, fast-delivery, high-rating"
P-0084,Logitech Ultra Mouse 108,Mouse,Logitech,83.38,4.1,201,Northwind Office Supply,4,36,Business,"Logitech mouse for enterprise procurement, team onboarding and managed office equipment refreshes.","mouse, office, enterprise, fast-delivery, value"
P-0085,Dell Essential Mouse 109,Mouse,Dell,20.45,4.4,161,Fabrikam Procurement,5,12,Standard,"Dell mouse for enterprise procurement, team onboarding and managed office equipment refreshes.","mouse, office, enterprise, fast-delivery, high-rating"
P-0086,Anker Pro Mouse 110,Mouse,Anker,66.74,3.9,187,Fabrikam Procurement,10,12,Standard,"Anker mouse for enterprise procurement, team onboarding and managed office equipment refreshes.","mouse, office, enterprise, standard-delivery, value"
P-0087,Razer Essential Mouse 111,Mouse,Razer,81.28,4.0,124,Globex Workplace,1,36,Business,"Razer mouse for enterprise procurement, team onboarding and managed office equipment refreshes.","mouse, office, enterprise, fast-delivery, value"
P-0088,Dell Team Mouse 112,Mouse,Dell,82.89,4.6,69,Contoso Business Tech,7,48,Standard,"Dell mouse for enterprise procurement, team onboarding and managed office equipment refreshes.","mouse, office, enterprise, standard-delivery, high-rating"
P-0089,Razer Plus Mouse 113,Mouse,Razer,90.86,4.1,251,Contoso Business Tech,11,48,Standard,"Razer mouse for enterprise procurement, team onboarding and managed office equipment refreshes.","mouse, office, enterprise, standard-delivery, value"
P-0090,Anker Plus Mouse 114,Mouse,Anker,49.87,4.4,160,Fabrikam Procurement,8,12,Enterprise,"Anker mouse for enterprise procurement, team onboarding and managed office equipment refreshes.","mouse, office, enterprise, standard-delivery, high-rating"
P-0091,Razer Plus Mouse 115,Mouse,Razer,70.3,4.6,243,Initech Corporate Supply,5,36,Standard,"Razer mouse for enterprise procurement, team onboarding and managed office equipment refreshes.","mouse, office, enterprise, fast-delivery, high-rating"
P-0092,Dell Team Mouse 116,Mouse,Dell,61.67,4.3,211,Northwind Office Supply,10,12,Business,"Dell mouse for enterprise procurement, team onboarding and managed office equipment refreshes.","mouse, office, enterprise, standard-delivery, value"
P-0093,Dell Ultra Mouse 117,Mouse,Dell,23.68,4.1,125,Umbrella Office Systems,7,36,Standard,"Dell mouse for enterprise procurement, team onboarding and managed office equipment refreshes.","mouse, office, enterprise, standard-delivery, value"
P-0094,Logitech Fleet Mouse 118,Mouse,Logitech,44.46,4.8,248,Globex Workplace,8,48,ISO-Ready,"Logitech mouse for enterprise procurement, team onboarding and managed office equipment refreshes.","mouse, office, enterprise, standard-delivery, high-rating"
P-0095,Logitech Plus Mouse 119,Mouse,Logitech,89.28,4.0,204,Globex Workplace,6,48,Business,"Logitech mouse for enterprise procurement, team onboarding and managed office equipment refreshes.","mouse, office, enterprise, standard-delivery, value"
P-0096,Razer Ergo Mouse 120,Mouse,Razer,32.27,4.2,119,Globex Workplace,3,24,Enterprise,"Razer mouse for enterprise procurement, team onboarding and managed office equipment refreshes.","mouse, office, enterprise, fast-delivery, value"
P-0097,Razer Plus Mouse 121,Mouse,Razer,109.86,4.6,185,Fabrikam Procurement,12,12,Standard,"Razer mouse for enterprise procurement, team onboarding and managed office equipment refreshes.","mouse, office, enterprise, standard-delivery, high-rating"
P-0098,Logitech Pro Mouse 122,Mouse,Logitech,28.54,4.2,147,Northwind Office Supply,9,36,Enterprise,"Logitech mouse for enterprise procurement, team onboarding and managed office equipment refreshes.","mouse, office, enterprise, standard-delivery, value"
P-0099,Anker Secure Mouse 123,Mouse,Anker,94.35,4.4,121,Contoso Business Tech,1,48,Enterprise,"Anker mouse for enterprise procurement, team onboarding and managed office equipment refreshes.","mouse, office, enterprise, fast-delivery, high-rating"
P-0100,Anker Essential Mouse 124,Mouse,Anker,108.97,4.7,188,Northwind Office Supply,5,48,Eco-Preferred,"Anker mouse for enterprise procurement, team onboarding and managed office equipment refreshes.","mouse, office, enterprise, fast-delivery, high-rating"
P-0101,Jabra Ergo Headset 100,Headset,Jabra,60.4,4.5,225,Contoso Business Tech,4,12,Business,"Jabra headset for enterprise procurement, team onboarding and managed office equipment refreshes.","headset, office, enterprise, fast-delivery, high-rating"
P-0102,Jabra Secure Headset 101,Headset,Jabra,139.41,3.9,228,Initech Corporate Supply,6,12,ISO-Ready,"Jabra headset for enterprise procurement, team onboarding and managed office equipment refreshes.","headset, office, enterprise, standard-delivery, value"
P-0103,Logitech Essential Headset 102,Headset,Logitech,83.89,4.6,75,Umbrella Office Systems,11,24,Standard,"Logitech headset for enterprise procurement, team onboarding and managed office equipment refreshes.","headset, office, enterprise, standard-delivery, high-rating"
P-0104,Poly Pro Headset 103,Headset,Poly,117.1,4.9,167,Globex Workplace,9,24,Standard,"Poly headset for enterprise procurement, team onboarding and managed office equipment refreshes.","headset, office, enterprise, standard-delivery, high-rating"
P-0105,Jabra Ultra Headset 104,Headset,Jabra,134.6,4.2,217,Umbrella Office Systems,8,48,Business,"Jabra headset for enterprise procurement, team onboarding and managed office equipment refreshes.","headset, office, enterprise, standard-delivery, value"
P-0106,Sony Pro Headset 105,Headset,Sony,117.97,4.6,75,Globex Workplace,1,48,ISO-Ready,"Sony headset for enterprise procurement, team onboarding and managed office equipment refreshes.","headset, office, enterprise, fast-delivery, high-rating"
P-0107,Anker Essential Headset 106,Headset,Anker,45.42,3.8,18,Initech Corporate Supply,8,24,Business,"Anker headset for enterprise procurement, team onboarding and managed office equipment refreshes.","headset, office, enterprise, standard-delivery, value"
P-0108,Poly Plus Headset 107,Headset,Poly,143.06,4.0,222,Northwind Office Supply,6,24,Standard,"Poly headset for enterprise procurement, team onboarding and managed office equipment refreshes.","headset, office, enterprise, standard-delivery, value"
P-0109,Logitech Pro Headset 108,Headset,Logitech,149.52,4.8,143,Fabrikam Procurement,7,48,ISO-Ready,"Logitech headset for enterprise procurement, team onboarding and managed office equipment refreshes.","headset, office, enterprise, standard-delivery, high-rating"
P-0110,Poly Secure Headset 109,Headset,Poly,250.92,4.5,233,Northwind Office Supply,6,24,Enterprise,"Poly headset for enterprise procurement, team onboarding and managed office equipment refreshes.","headset, office, enterprise, standard-delivery, high-rating"
P-0111,Poly Plus Headset 110,Headset,Poly,131.7,4.3,54,Fabrikam Procurement,2,48,Business,"Poly headset for enterprise procurement, team onboarding and managed office equipment refreshes.","headset, office, enterprise, fast-delivery, value"
P-0112,Sony Ultra Headset 111,Headset,Sony,237.94,4.3,146,Contoso Business Tech,2,24,Eco-Preferred,"Sony headset for enterprise procurement, team onboarding and managed office equipment refreshes.","headset, office, enterprise, fast-delivery, value"
P-0113,Anker Fleet Headset 112,Headset,Anker,128.41,3.8,176,Northwind Office Supply,5,12,ISO-Ready,"Anker headset for enterprise procurement, team onboarding and managed office equipment refreshes.","headset, office, enterprise, fast-delivery, value"
P-0114,Sony Plus Headset 113,Headset,Sony,148.02,3.8,166,Initech Corporate Supply,7,24,Business,"Sony headset for enterprise procurement, team onboarding and managed office equipment refreshes.","headset, office, enterprise, standard-delivery, value"
P-0115,Anker Secure Headset 114,Headset,Anker,197.92,4.0,46,Contoso Business Tech,2,24,Enterprise,"Anker headset for enterprise procurement, team onboarding and managed office equipment refreshes.","headset, office, enterprise, fast-delivery, value"
P-0116,Sony Ergo Headset 115,Headset,Sony,40.65,4.7,28,Contoso Business Tech,9,12,Enterprise,"Sony headset for enterprise procurement, team onboarding and managed office equipment refreshes.","headset, office, enterprise, standard-delivery, high-rating"
P-0117,Logitech Ultra Headset 116,Headset,Logitech,45.46,4.5,219,Globex Workplace,12,12,Business,"Logitech headset for enterprise procurement, team onboarding and managed office equipment refreshes.","headset, office, enterprise, standard-delivery, high-rating"
P-0118,Sony Pro Headset 117,Headset,Sony,105.36,3.8,106,Globex Workplace,7,24,Eco-Preferred,"Sony headset for enterprise procurement, team onboarding and managed office equipment refreshes.","headset, office, enterprise, standard-delivery, value"
P-0119,Jabra Pro Headset 118,Headset,Jabra,199.44,4.9,146,Globex Workplace,12,12,Enterprise,"Jabra headset for enterprise procurement, team onboarding and managed office equipment refreshes.","headset, office, enterprise, standard-delivery, high-rating"
P-0120,Sony Fleet Headset 119,Headset,Sony,166.12,4.0,15,Globex Workplace,5,12,Eco-Preferred,"Sony headset for enterprise procurement, team onboarding and managed office equipment refreshes.","headset, office, enterprise, fast-delivery, value"
P-0121,Jabra Pro Headset 120,Headset,Jabra,226.48,4.8,59,Contoso Business Tech,7,12,Business,"Jabra headset for enterprise procurement, team onboarding and managed office equipment refreshes.","headset, office, enterprise, standard-delivery, high-rating"
P-0122,Logitech Team Headset 121,Headset,Logitech,170.8,4.2,130,Umbrella Office Systems,9,48,Business,"Logitech headset for enterprise procurement, team onboarding and managed office equipment refreshes.","headset, office, enterprise, standard-delivery, value"
P-0123,Poly Secure Headset 122,Headset,Poly,242.81,4.9,154,Contoso Business Tech,11,24,Eco-Preferred,"Poly headset for enterprise procurement, team onboarding and managed office equipment refreshes.","headset, office, enterprise, standard-delivery, high-rating"
P-0124,Logitech Plus Headset 123,Headset,Logitech,241.21,4.2,233,Northwind Office Supply,3,12,Business,"Logitech headset for enterprise procurement, team onboarding and managed office equipment refreshes.","headset, office, enterprise, fast-delivery, value"
P-0125,Poly Team Headset 124,Headset,Poly,110.34,4.0,229,Umbrella Office Systems,10,24,Business,"Poly headset for enterprise procurement, team onboarding and managed office equipment refreshes.","headset, office, enterprise, standard-delivery, value"
P-0126,Logitech Plus Webcam 100,Webcam,Logitech,192.29,4.2,115,Northwind Office Supply,5,24,Enterprise,"Logitech webcam for enterprise procurement, team onboarding and managed office equipment refreshes.","webcam, office, enterprise, fast-delivery, value"
P-0127,Anker Fleet Webcam 101,Webcam,Anker,58.5,4.3,123,Globex Workplace,6,36,ISO-Ready,"Anker webcam for enterprise procurement, team onboarding and managed office equipment refreshes.","webcam, office, enterprise, standard-delivery, value"
P-0128,Razer Team Webcam 102,Webcam,Razer,220.8,3.9,201,Contoso Business Tech,9,24,Eco-Preferred,"Razer webcam for enterprise procurement, team onboarding and managed office equipment refreshes.","webcam, office, enterprise, standard-delivery, value"
P-0129,Logitech Essential Webcam 103,Webcam,Logitech,118.42,4.2,242,Globex Workplace,1,36,ISO-Ready,"Logitech webcam for enterprise procurement, team onboarding and managed office equipment refreshes.","webcam, office, enterprise, fast-delivery, value"
P-0130,Microsoft Pro Webcam 104,Webcam,Microsoft,175.74,4.6,79,Northwind Office Supply,12,12,Business,"Microsoft webcam for enterprise procurement, team onboarding and managed office equipment refreshes.","webcam, office, enterprise, standard-delivery, high-rating"
P-0131,Logitech Essential Webcam 105,Webcam,Logitech,210.61,4.0,201,Fabrikam Procurement,5,24,Business,"Logitech webcam for enterprise procurement, team onboarding and managed office equipment refreshes.","webcam, office, enterprise, fast-delivery, value"
P-0132,Logitech Ultra Webcam 106,Webcam,Logitech,221.09,3.9,59,Globex Workplace,2,36,ISO-Ready,"Logitech webcam for enterprise procurement, team onboarding and managed office equipment refreshes.","webcam, office, enterprise, fast-delivery, value"
P-0133,Razer Team Webcam 107,Webcam,Razer,85.65,4.0,229,Globex Workplace,3,24,Standard,"Razer webcam for enterprise procurement, team onboarding and managed office equipment refreshes.","webcam, office, enterprise, fast-delivery, value"
P-0134,Logitech Plus Webcam 108,Webcam,Logitech,182.97,4.5,245,Globex Workplace,5,48,ISO-Ready,"Logitech webcam for enterprise procurement, team onboarding and managed office equipment refreshes.","webcam, office, enterprise, fast-delivery, high-rating"
P-0135,Logitech Ultra Webcam 109,Webcam,Logitech,82.5,3.8,144,Contoso Business Tech,8,24,Business,"Logitech webcam for enterprise procurement, team onboarding and managed office equipment refreshes.","webcam, office, enterprise, standard-delivery, value"
P-0136,Anker Essential Webcam 110,Webcam,Anker,118.61,4.0,21,Globex Workplace,6,48,Eco-Preferred,"Anker webcam for enterprise procurement, team onboarding and managed office equipment refreshes.","webcam, office, enterprise, standard-delivery, value"
P-0137,Microsoft Fleet Webcam 111,Webcam,Microsoft,212.98,4.1,169,Umbrella Office Systems,2,24,ISO-Ready,"Microsoft webcam for enterprise procurement, team onboarding and managed office equipment refreshes.","webcam, office, enterprise, fast-delivery, value"
P-0138,Razer Secure Webcam 112,Webcam,Razer,89.69,4.7,242,Umbrella Office Systems,7,48,Standard,"Razer webcam for enterprise procurement, team onboarding and managed office equipment refreshes.","webcam, office, enterprise, standard-delivery, high-rating"
P-0139,Microsoft Pro Webcam 113,Webcam,Microsoft,212.7,4.7,211,Umbrella Office Systems,9,36,ISO-Ready,"Microsoft webcam for enterprise procurement, team onboarding and managed office equipment refreshes.","webcam, office, enterprise, standard-delivery, high-rating"
P-0140,Logitech Essential Webcam 114,Webcam,Logitech,227.86,4.3,147,Northwind Office Supply,8,24,Enterprise,"Logitech webcam for enterprise procurement, team onboarding and managed office equipment refreshes.","webcam, office, enterprise, standard-delivery, value"
P-0141,Razer Secure Webcam 115,Webcam,Razer,87.57,4.8,198,Initech Corporate Supply,5,12,Enterprise,"Razer webcam for enterprise procurement, team onboarding and managed office equipment refreshes.","webcam, office, enterprise, fast-delivery, high-rating"
P-0142,Dell Plus Webcam 116,Webcam,Dell,93.57,4.2,228,Globex Workplace,9,48,ISO-Ready,"Dell webcam for enterprise procurement, team onboarding and managed office equipment refreshes.","webcam, office, enterprise, standard-delivery, value"
P-0143,Dell Team Webcam 117,Webcam,Dell,75.8,4.6,114,Northwind Office Supply,8,36,Business,"Dell webcam for enterprise procurement, team onboarding and managed office equipment refreshes.","webcam, office, enterprise, standard-delivery, high-rating"
P-0144,Razer Pro Webcam 118,Webcam,Razer,41.19,4.6,152,Initech Corporate Supply,4,36,Standard,"Razer webcam for enterprise procurement, team onboarding and managed office equipment refreshes.","webcam, office, enterprise, fast-delivery, high-rating"
P-0145,Anker Fleet Webcam 119,Webcam,Anker,155.69,4.4,249,Globex Workplace,3,36,Enterprise,"Anker webcam for enterprise procurement, team onboarding and managed office equipment refreshes.","webcam, office, enterprise, fast-delivery, high-rating"
P-0146,Logitech Secure Webcam 120,Webcam,Logitech,165.16,4.3,68,Umbrella Office Systems,8,12,Eco-Preferred,"Logitech webcam for enterprise procurement, team onboarding and managed office equipment refreshes.","webcam, office, enterprise, standard-delivery, value"
P-0147,Logitech Ultra Webcam 121,Webcam,Logitech,220.94,4.1,255,Initech Corporate Supply,8,48,Eco-Preferred,"Logitech webcam for enterprise procurement, team onboarding and managed office equipment refreshes.","webcam, office, enterprise, standard-delivery, value"
P-0148,Anker Essential Webcam 122,Webcam,Anker,231.74,4.6,22,Contoso Business Tech,12,12,Business,"Anker webcam for enterprise procurement, team onboarding and managed office equipment refreshes.","webcam, office, enterprise, standard-delivery, high-rating"
P-0149,Anker Plus Webcam 123,Webcam,Anker,47.57,4.4,211,Umbrella Office Systems,9,36,Enterprise,"Anker webcam for enterprise procurement, team onboarding and managed office equipment refreshes.","webcam, office, enterprise, standard-delivery, high-rating"
P-0150,Microsoft Ergo Webcam 124,Webcam,Microsoft,60.3,4.0,214,Globex Workplace,10,24,Eco-Preferred,"Microsoft webcam for enterprise procurement, team onboarding and managed office equipment refreshes.","webcam, office, enterprise, standard-delivery, value"
P-0151,Steelcase Ergo Office Chair 100,Office Chair,Steelcase,675.95,4.8,57,Umbrella Office Systems,11,48,Enterprise,"Steelcase office chair for enterprise procurement, team onboarding and managed office equipment refreshes.","office-chair, office, enterprise, standard-delivery, high-rating"
P-0152,FlexiSpot Ergo Office Chair 101,Office Chair,FlexiSpot,762.6,4.2,220,Northwind Office Supply,11,24,Business,"FlexiSpot office chair for enterprise procurement, team onboarding and managed office equipment refreshes.","office-chair, office, enterprise, standard-delivery, value"
P-0153,Steelcase Ultra Office Chair 102,Office Chair,Steelcase,187.63,4.7,210,Contoso Business Tech,1,36,Business,"Steelcase office chair for enterprise procurement, team onboarding and managed office equipment refreshes.","office-chair, office, enterprise, fast-delivery, high-rating"
P-0154,Herman Miller Team Office Chair 103,Office Chair,Herman Miller,361.53,3.9,63,Globex Workplace,7,24,Enterprise,"Herman Miller office chair for enterprise procurement, team onboarding and managed office equipment refreshes.","office-chair, office, enterprise, standard-delivery, value"
P-0155,Steelcase Team Office Chair 104,Office Chair,Steelcase,753.93,4.3,34,Contoso Business Tech,11,24,Standard,"Steelcase office chair for enterprise procurement, team onboarding and managed office equipment refreshes.","office-chair, office, enterprise, standard-delivery, value"
P-0156,Branch Essential Office Chair 105,Office Chair,Branch,220.09,4.8,8,Initech Corporate Supply,5,48,ISO-Ready,"Branch office chair for enterprise procurement, team onboarding and managed office equipment refreshes.","office-chair, office, enterprise, fast-delivery, high-rating"
P-0157,Branch Plus Office Chair 106,Office Chair,Branch,167.31,4.4,8,Contoso Business Tech,3,36,Eco-Preferred,"Branch office chair for enterprise procurement, team onboarding and managed office equipment refreshes.","office-chair, office, enterprise, fast-delivery, high-rating"
P-0158,Branch Plus Office Chair 107,Office Chair,Branch,743.43,4.1,126,Contoso Business Tech,2,12,Standard,"Branch office chair for enterprise procurement, team onboarding and managed office equipment refreshes.","office-chair, office, enterprise, fast-delivery, value"
P-0159,Branch Pro Office Chair 108,Office Chair,Branch,428.24,3.9,110,Fabrikam Procurement,3,12,Standard,"Branch office chair for enterprise procurement, team onboarding and managed office equipment refreshes.","office-chair, office, enterprise, fast-delivery, value"
P-0160,Herman Miller Essential Office Chair 109,Office Chair,Herman Miller,690.4,3.9,93,Fabrikam Procurement,3,24,Standard,"Herman Miller office chair for enterprise procurement, team onboarding and managed office equipment refreshes.","office-chair, office, enterprise, fast-delivery, value"
P-0161,Herman Miller Ultra Office Chair 110,Office Chair,Herman Miller,201.16,4.4,130,Umbrella Office Systems,1,48,ISO-Ready,"Herman Miller office chair for enterprise procurement, team onboarding and managed office equipment refreshes.","office-chair, office, enterprise, fast-delivery, high-rating"
P-0162,FlexiSpot Plus Office Chair 111,Office Chair,FlexiSpot,295.83,4.1,57,Contoso Business Tech,6,24,Eco-Preferred,"FlexiSpot office chair for enterprise procurement, team onboarding and managed office equipment refreshes.","office-chair, office, enterprise, standard-delivery, value"
P-0163,Herman Miller Secure Office Chair 112,Office Chair,Herman Miller,317.55,4.2,180,Globex Workplace,2,36,ISO-Ready,"Herman Miller office chair for enterprise procurement, team onboarding and managed office equipment refreshes.","office-chair, office, enterprise, fast-delivery, value"
P-0164,Herman Miller Secure Office Chair 113,Office Chair,Herman Miller,138.16,4.7,31,Fabrikam Procurement,1,24,Standard,"Herman Miller office chair for enterprise procurement, team onboarding and managed office equipment refreshes.","office-chair, office, enterprise, fast-delivery, high-rating"
P-0165,Steelcase Secure Office Chair 114,Office Chair,Steelcase,660.11,4.1,249,Initech Corporate Supply,6,48,Eco-Preferred,"Steelcase office chair for enterprise procurement, team onboarding and managed office equipment refreshes.","office-chair, office, enterprise, standard-delivery, value"
P-0166,Branch Pro Office Chair 115,Office Chair,Branch,333.0,3.9,87,Contoso Business Tech,9,24,Enterprise,"Branch office chair for enterprise procurement, team onboarding and managed office equipment refreshes.","office-chair, office, enterprise, standard-delivery, value"
P-0167,Branch Team Office Chair 116,Office Chair,Branch,361.58,4.6,246,Contoso Business Tech,6,48,Business,"Branch office chair for enterprise procurement, team onboarding and managed office equipment refreshes.","office-chair, office, enterprise, standard-delivery, high-rating"
P-0168,FlexiSpot Team Office Chair 117,Office Chair,FlexiSpot,249.79,4.1,231,Umbrella Office Systems,8,48,ISO-Ready,"FlexiSpot office chair for enterprise procurement, team onboarding and managed office equipment refreshes.","office-chair, office, enterprise, standard-delivery, value"
P-0169,Branch Secure Office Chair 118,Office Chair,Branch,146.3,4.5,31,Northwind Office Supply,1,36,Eco-Preferred,"Branch office chair for enterprise procurement, team onboarding and managed office equipment refreshes.","office-chair, office, enterprise, fast-delivery, high-rating"
P-0170,FlexiSpot Pro Office Chair 119,Office Chair,FlexiSpot,159.38,4.3,47,Northwind Office Supply,9,48,ISO-Ready,"FlexiSpot office chair for enterprise procurement, team onboarding and managed office equipment refreshes.","office-chair, office, enterprise, standard-delivery, value"
P-0171,FlexiSpot Secure Office Chair 120,Office Chair,FlexiSpot,330.96,4.0,147,Globex Workplace,4,24,Standard,"FlexiSpot office chair for enterprise procurement, team onboarding and managed office equipment refreshes.","office-chair, office, enterprise, fast-delivery, value"
P-0172,FlexiSpot Team Office Chair 121,Office Chair,FlexiSpot,292.85,4.1,37,Fabrikam Procurement,7,12,Standard,"FlexiSpot office chair for enterprise procurement, team onboarding and managed office equipment refreshes.","office-chair, office, enterprise, standard-delivery, value"
P-0173,Hon Ultra Office Chair 122,Office Chair,Hon,582.77,3.8,61,Initech Corporate Supply,9,36,Business,"Hon office chair for enterprise procurement, team onboarding and managed office equipment refreshes.","office-chair, office, enterprise, standard-delivery, value"
P-0174,FlexiSpot Plus Office Chair 123,Office Chair,FlexiSpot,260.14,3.9,232,Initech Corporate Supply,11,24,Standard,"FlexiSpot office chair for enterprise procurement, team onboarding and managed office equipment refreshes.","office-chair, office, enterprise, standard-delivery, value"
P-0175,Herman Miller Fleet Office Chair 124,Office Chair,Herman Miller,603.67,4.6,258,Globex Workplace,4,12,ISO-Ready,"Herman Miller office chair for enterprise procurement, team onboarding and managed office equipment refreshes.","office-chair, office, enterprise, fast-delivery, high-rating"
P-0176,HP Team Docking Station 100,Docking Station,HP,340.09,4.0,233,Initech Corporate Supply,3,24,Eco-Preferred,"HP docking station for enterprise procurement, team onboarding and managed office equipment refreshes.","docking-station, office, enterprise, fast-delivery, value"
P-0177,Lenovo Ultra Docking Station 101,Docking Station,Lenovo,334.8,4.8,29,Contoso Business Tech,12,24,Eco-Preferred,"Lenovo docking station for enterprise procurement, team onboarding and managed office equipment refreshes.","docking-station, office, enterprise, standard-delivery, high-rating"
P-0178,HP Fleet Docking Station 102,Docking Station,HP,114.32,4.1,32,Globex Workplace,2,12,Eco-Preferred,"HP docking station for enterprise procurement, team onboarding and managed office equipment refreshes.","docking-station, office, enterprise, fast-delivery, value"
P-0179,Dell Pro Docking Station 103,Docking Station,Dell,144.07,4.3,99,Umbrella Office Systems,5,48,Enterprise,"Dell docking station for enterprise procurement, team onboarding and managed office equipment refreshes.","docking-station, office, enterprise, fast-delivery, value"
P-0180,Lenovo Ergo Docking Station 104,Docking Station,Lenovo,284.72,4.0,227,Globex Workplace,12,12,Business,"Lenovo docking station for enterprise procurement, team onboarding and managed office equipment refreshes.","docking-station, office, enterprise, standard-delivery, value"
P-0181,Anker Pro Docking Station 105,Docking Station,Anker,103.67,4.5,13,Contoso Business Tech,5,24,Standard,"Anker docking station for enterprise procurement, team onboarding and managed office equipment refreshes.","docking-station, office, enterprise, fast-delivery, high-rating"
P-0182,Dell Essential Docking Station 106,Docking Station,Dell,184.32,4.7,68,Initech Corporate Supply,9,48,Enterprise,"Dell docking station for enterprise procurement, team onboarding and managed office equipment refreshes.","docking-station, office, enterprise, standard-delivery, high-rating"
P-0183,HP Pro Docking Station 107,Docking Station,HP,271.25,3.9,231,Fabrikam Procurement,10,36,Eco-Preferred,"HP docking station for enterprise procurement, team onboarding and managed office equipment refreshes.","docking-station, office, enterprise, standard-delivery, value"
P-0184,Dell Essential Docking Station 108,Docking Station,Dell,348.6,4.2,83,Umbrella Office Systems,10,24,Eco-Preferred,"Dell docking station for enterprise procurement, team onboarding and managed office equipment refreshes.","docking-station, office, enterprise, standard-delivery, value"
P-0185,CalDigit Essential Docking Station 109,Docking Station,CalDigit,110.08,4.7,108,Fabrikam Procurement,2,24,Enterprise,"CalDigit docking station for enterprise procurement, team onboarding and managed office equipment refreshes.","docking-station, office, enterprise, fast-delivery, high-rating"
P-0186,Dell Pro Docking Station 110,Docking Station,Dell,204.02,3.9,63,Northwind Office Supply,2,24,Enterprise,"Dell docking station for enterprise procurement, team onboarding and managed office equipment refreshes.","docking-station, office, enterprise, fast-delivery, value"
P-0187,Lenovo Team Docking Station 111,Docking Station,Lenovo,350.6,4.3,198,Umbrella Office Systems,4,36,Enterprise,"Lenovo docking station for enterprise procurement, team onboarding and managed office equipment refreshes.","docking-station, office, enterprise, fast-delivery, value"
P-0188,Anker Plus Docking Station 112,Docking Station,Anker,321.74,4.2,146,Contoso Business Tech,3,24,Enterprise,"Anker docking station for enterprise procurement, team onboarding and managed office equipment refreshes.","docking-station, office, enterprise, fast-delivery, value"
P-0189,HP Plus Docking Station 113,Docking Station,HP,79.8,4.4,103,Umbrella Office Systems,10,12,Standard,"HP docking station for enterprise procurement, team onboarding and managed office equipment refreshes.","docking-station, office, enterprise, standard-delivery, high-rating"
P-0190,Dell Ergo Docking Station 114,Docking Station,Dell,320.94,3.9,158,Northwind Office Supply,3,36,Business,"Dell docking station for enterprise procurement, team onboarding and managed office equipment refreshes.","docking-station, office, enterprise, fast-delivery, value"
P-0191,HP Plus Docking Station 115,Docking Station,HP,187.89,4.6,164,Umbrella Office Systems,7,48,Business,"HP docking station for enterprise procurement, team onboarding and managed office equipment refreshes.","docking-station, office, enterprise, standard-delivery, high-rating"
P-0192,HP Team Docking Station 116,Docking Station,HP,237.33,4.8,201,Contoso Business Tech,7,36,Business,"HP docking station for enterprise procurement, team onboarding and managed office equipment refreshes.","docking-station, office, enterprise, standard-delivery, high-rating"
P-0193,Anker Team Docking Station 117,Docking Station,Anker,168.18,4.0,176,Fabrikam Procurement,10,36,Business,"Anker docking station for enterprise procurement, team onboarding and managed office equipment refreshes.","docking-station, office, enterprise, standard-delivery, value"
P-0194,CalDigit Essential Docking Station 118,Docking Station,CalDigit,182.78,4.6,167,Contoso Business Tech,3,24,Eco-Preferred,"CalDigit docking station for enterprise procurement, team onboarding and managed office equipment refreshes.","docking-station, office, enterprise, fast-delivery, high-rating"
P-0195,Dell Fleet Docking Station 119,Docking Station,Dell,164.2,4.8,200,Umbrella Office Systems,4,12,ISO-Ready,"Dell docking station for enterprise procurement, team onboarding and managed office equipment refreshes.","docking-station, office, enterprise, fast-delivery, high-rating"
P-0196,Anker Secure Docking Station 120,Docking Station,Anker,264.34,4.3,205,Umbrella Office Systems,10,12,ISO-Ready,"Anker docking station for enterprise procurement, team onboarding and managed office equipment refreshes.","docking-station, office, enterprise, standard-delivery, value"
P-0197,HP Team Docking Station 121,Docking Station,HP,359.38,4.6,111,Fabrikam Procurement,7,24,Business,"HP docking station for enterprise procurement, team onboarding and managed office equipment refreshes.","docking-station, office, enterprise, standard-delivery, high-rating"
P-0198,Lenovo Ultra Docking Station 122,Docking Station,Lenovo,216.6,3.8,45,Umbrella Office Systems,8,24,Eco-Preferred,"Lenovo docking station for enterprise procurement, team onboarding and managed office equipment refreshes.","docking-station, office, enterprise, standard-delivery, value"
P-0199,Lenovo Team Docking Station 123,Docking Station,Lenovo,331.19,4.1,23,Northwind Office Supply,11,12,Eco-Preferred,"Lenovo docking station for enterprise procurement, team onboarding and managed office equipment refreshes.","docking-station, office, enterprise, standard-delivery, value"
P-0200,Anker Ultra Docking Station 124,Docking Station,Anker,152.68,4.8,134,Umbrella Office Systems,9,24,Business,"Anker docking station for enterprise procurement, team onboarding and managed office equipment refreshes.","docking-station, office, enterprise, standard-delivery, high-rating"
P-0201,Xerox Team Printer 100,Printer,Xerox,171.11,4.7,50,Contoso Business Tech,3,48,Standard,"Xerox printer for enterprise procurement, team onboarding and managed office equipment refreshes.","printer, office, enterprise, fast-delivery, high-rating"
P-0202,HP Fleet Printer 101,Printer,HP,255.49,4.6,250,Fabrikam Procurement,9,36,Business,"HP printer for enterprise procurement, team onboarding and managed office equipment refreshes.","printer, office, enterprise, standard-delivery, high-rating"
P-0203,HP Ultra Printer 102,Printer,HP,515.03,4.7,243,Northwind Office Supply,12,36,ISO-Ready,"HP printer for enterprise procurement, team onboarding and managed office equipment refreshes.","printer, office, enterprise, standard-delivery, high-rating"
P-0204,Epson Pro Printer 103,Printer,Epson,291.22,4.5,94,Globex Workplace,6,48,ISO-Ready,"Epson printer for enterprise procurement, team onboarding and managed office equipment refreshes.","printer, office, enterprise, standard-delivery, high-rating"
P-0205,Brother Team Printer 104,Printer,Brother,340.4,4.7,80,Contoso Business Tech,5,48,Enterprise,"Brother printer for enterprise procurement, team onboarding and managed office equipment refreshes.","printer, office, enterprise, fast-delivery, high-rating"
P-0206,Brother Pro Printer 105,Printer,Brother,387.47,4.5,117,Umbrella Office Systems,1,48,Business,"Brother printer for enterprise procurement, team onboarding and managed office equipment refreshes.","printer, office, enterprise, fast-delivery, high-rating"
P-0207,Epson Ergo Printer 106,Printer,Epson,197.64,4.3,123,Contoso Business Tech,12,48,Enterprise,"Epson printer for enterprise procurement, team onboarding and managed office equipment refreshes.","printer, office, enterprise, standard-delivery, value"
P-0208,HP Secure Printer 107,Printer,HP,252.71,4.4,227,Northwind Office Supply,3,36,Enterprise,"HP printer for enterprise procurement, team onboarding and managed office equipment refreshes.","printer, office, enterprise, fast-delivery, high-rating"
P-0209,HP Essential Printer 108,Printer,HP,245.02,4.6,226,Northwind Office Supply,2,36,Standard,"HP printer for enterprise procurement, team onboarding and managed office equipment refreshes.","printer, office, enterprise, fast-delivery, high-rating"
P-0210,Canon Essential Printer 109,Printer,Canon,361.35,4.2,93,Initech Corporate Supply,1,36,Standard,"Canon printer for enterprise procurement, team onboarding and managed office equipment refreshes.","printer, office, enterprise, fast-delivery, value"
P-0211,Epson Ergo Printer 110,Printer,Epson,475.03,4.7,67,Umbrella Office Systems,7,24,Standard,"Epson printer for enterprise procurement, team onboarding and managed office equipment refreshes.","printer, office, enterprise, standard-delivery, high-rating"
P-0212,Brother Ultra Printer 111,Printer,Brother,519.23,3.8,69,Umbrella Office Systems,6,24,Eco-Preferred,"Brother printer for enterprise procurement, team onboarding and managed office equipment refreshes.","printer, office, enterprise, standard-delivery, value"
P-0213,Xerox Ergo Printer 112,Printer,Xerox,437.07,4.3,18,Globex Workplace,4,24,Eco-Preferred,"Xerox printer for enterprise procurement, team onboarding and managed office equipment refreshes.","printer, office, enterprise, fast-delivery, value"
P-0214,HP Fleet Printer 113,Printer,HP,517.07,4.7,11,Initech Corporate Supply,2,24,ISO-Ready,"HP printer for enterprise procurement, team onboarding and managed office equipment refreshes.","printer, office, enterprise, fast-delivery, high-rating"
P-0215,Brother Ultra Printer 114,Printer,Brother,263.54,4.5,181,Initech Corporate Supply,1,36,ISO-Ready,"Brother printer for enterprise procurement, team onboarding and managed office equipment refreshes.","printer, office, enterprise, fast-delivery, high-rating"
P-0216,Xerox Essential Printer 115,Printer,Xerox,97.88,4.8,135,Umbrella Office Systems,3,36,Eco-Preferred,"Xerox printer for enterprise procurement, team onboarding and managed office equipment refreshes.","printer, office, enterprise, fast-delivery, high-rating"
P-0217,Xerox Team Printer 116,Printer,Xerox,378.8,4.3,75,Northwind Office Supply,11,36,Enterprise,"Xerox printer for enterprise procurement, team onboarding and managed office equipment refreshes.","printer, office, enterprise, standard-delivery, value"
P-0218,Brother Plus Printer 117,Printer,Brother,498.68,4.8,154,Northwind Office Supply,12,36,ISO-Ready,"Brother printer for enterprise procurement, team onboarding and managed office equipment refreshes.","printer, office, enterprise, standard-delivery, high-rating"
P-0219,Epson Essential Printer 118,Printer,Epson,119.25,4.7,223,Umbrella Office Systems,11,48,Business,"Epson printer for enterprise procurement, team onboarding and managed office equipment refreshes.","printer, office, enterprise, standard-delivery, high-rating"
P-0220,Brother Ultra Printer 119,Printer,Brother,465.28,4.4,184,Globex Workplace,1,24,ISO-Ready,"Brother printer for enterprise procurement, team onboarding and managed office equipment refreshes.","printer, office, enterprise, fast-delivery, high-rating"
P-0221,Canon Plus Printer 120,Printer,Canon,158.8,4.1,124,Initech Corporate Supply,7,36,Standard,"Canon printer for enterprise procurement, team onboarding and managed office equipment refreshes.","printer, office, enterprise, standard-delivery, value"
P-0222,Brother Fleet Printer 121,Printer,Brother,323.43,4.5,84,Globex Workplace,6,12,Standard,"Brother printer for enterprise procurement, team onboarding and managed office equipment refreshes.","printer, office, enterprise, standard-delivery, high-rating"
P-0223,Xerox Secure Printer 122,Printer,Xerox,161.67,4.7,109,Umbrella Office Systems,2,24,Eco-Preferred,"Xerox printer for enterprise procurement, team onboarding and managed office equipment refreshes.","printer, office, enterprise, fast-delivery, high-rating"
P-0224,Xerox Plus Printer 123,Printer,Xerox,448.61,4.2,152,Umbrella Office Systems,9,48,Enterprise,"Xerox printer for enterprise procurement, team onboarding and managed office equipment refreshes.","printer, office, enterprise, standard-delivery, value"
P-0225,Canon Essential Printer 124,Printer,Canon,366.71,4.3,140,Fabrikam Procurement,6,12,Enterprise,"Canon printer for enterprise procurement, team onboarding and managed office equipment refreshes.","printer, office, enterprise, standard-delivery, value"
P-0226,Xiaomi Secure Tablet 100,Tablet,Xiaomi,901.45,4.7,235,Contoso Business Tech,7,24,ISO-Ready,"Xiaomi tablet for enterprise procurement, team onboarding and managed office equipment refreshes.","tablet, office, enterprise, standard-delivery, high-rating"
P-0227,Lenovo Essential Tablet 101,Tablet,Lenovo,286.96,4.6,203,Initech Corporate Supply,11,12,Enterprise,"Lenovo tablet for enterprise procurement, team onboarding and managed office equipment refreshes.","tablet, office, enterprise, standard-delivery, high-rating"
P-0228,Samsung Ultra Tablet 102,Tablet,Samsung,706.1,4.0,198,Initech Corporate Supply,1,36,ISO-Ready,"Samsung tablet for enterprise procurement, team onboarding and managed office equipment refreshes.","tablet, office, enterprise, fast-delivery, value"
P-0229,Lenovo Plus Tablet 103,Tablet,Lenovo,528.25,3.8,81,Contoso Business Tech,10,24,Eco-Preferred,"Lenovo tablet for enterprise procurement, team onboarding and managed office equipment refreshes.","tablet, office, enterprise, standard-delivery, value"
P-0230,Lenovo Ultra Tablet 104,Tablet,Lenovo,863.82,4.1,136,Contoso Business Tech,10,48,Enterprise,"Lenovo tablet for enterprise procurement, team onboarding and managed office equipment refreshes.","tablet, office, enterprise, standard-delivery, value"
P-0231,Xiaomi Pro Tablet 105,Tablet,Xiaomi,934.9,4.0,246,Globex Workplace,12,48,Enterprise,"Xiaomi tablet for enterprise procurement, team onboarding and managed office equipment refreshes.","tablet, office, enterprise, standard-delivery, value"
P-0232,Microsoft Team Tablet 106,Tablet,Microsoft,547.75,4.4,118,Umbrella Office Systems,3,48,Standard,"Microsoft tablet for enterprise procurement, team onboarding and managed office equipment refreshes.","tablet, office, enterprise, fast-delivery, high-rating"
P-0233,Apple Ergo Tablet 107,Tablet,Apple,204.52,4.5,93,Contoso Business Tech,7,36,Eco-Preferred,"Apple tablet for enterprise procurement, team onboarding and managed office equipment refreshes.","tablet, office, enterprise, standard-delivery, high-rating"
P-0234,Microsoft Ultra Tablet 108,Tablet,Microsoft,426.94,4.6,81,Globex Workplace,2,36,ISO-Ready,"Microsoft tablet for enterprise procurement, team onboarding and managed office equipment refreshes.","tablet, office, enterprise, fast-delivery, high-rating"
P-0235,Xiaomi Team Tablet 109,Tablet,Xiaomi,953.81,4.5,76,Contoso Business Tech,4,24,Standard,"Xiaomi tablet for enterprise procurement, team onboarding and managed office equipment refreshes.","tablet, office, enterprise, fast-delivery, high-rating"
P-0236,Apple Ergo Tablet 110,Tablet,Apple,423.42,4.9,227,Umbrella Office Systems,6,36,Eco-Preferred,"Apple tablet for enterprise procurement, team onboarding and managed office equipment refreshes.","tablet, office, enterprise, standard-delivery, high-rating"
P-0237,Apple Pro Tablet 111,Tablet,Apple,698.31,4.6,26,Initech Corporate Supply,3,36,Standard,"Apple tablet for enterprise procurement, team onboarding and managed office equipment refreshes.","tablet, office, enterprise, fast-delivery, high-rating"
P-0238,Lenovo Ultra Tablet 112,Tablet,Lenovo,921.4,4.2,76,Northwind Office Supply,3,36,Standard,"Lenovo tablet for enterprise procurement, team onboarding and managed office equipment refreshes.","tablet, office, enterprise, fast-delivery, value"
P-0239,Xiaomi Secure Tablet 113,Tablet,Xiaomi,694.74,4.0,159,Globex Workplace,10,36,Eco-Preferred,"Xiaomi tablet for enterprise procurement, team onboarding and managed office equipment refreshes.","tablet, office, enterprise, standard-delivery, value"
P-0240,Xiaomi Ergo Tablet 114,Tablet,Xiaomi,772.68,4.7,81,Fabrikam Procurement,11,48,Business,"Xiaomi tablet for enterprise procurement, team onboarding and managed office equipment refreshes.","tablet, office, enterprise, standard-delivery, high-rating"
P-0241,Xiaomi Secure Tablet 115,Tablet,Xiaomi,289.27,4.1,33,Northwind Office Supply,5,36,Standard,"Xiaomi tablet for enterprise procurement, team onboarding and managed office equipment refreshes.","tablet, office, enterprise, fast-delivery, value"
P-0242,Apple Plus Tablet 116,Tablet,Apple,276.4,4.2,95,Contoso Business Tech,3,48,ISO-Ready,"Apple tablet for enterprise procurement, team onboarding and managed office equipment refreshes.","tablet, office, enterprise, fast-delivery, value"
P-0243,Xiaomi Team Tablet 117,Tablet,Xiaomi,837.11,4.8,89,Umbrella Office Systems,2,36,Enterprise,"Xiaomi tablet for enterprise procurement, team onboarding and managed office equipment refreshes.","tablet, office, enterprise, fast-delivery, high-rating"
P-0244,Samsung Fleet Tablet 118,Tablet,Samsung,256.54,4.6,16,Northwind Office Supply,10,36,ISO-Ready,"Samsung tablet for enterprise procurement, team onboarding and managed office equipment refreshes.","tablet, office, enterprise, standard-delivery, high-rating"
P-0245,Samsung Ultra Tablet 119,Tablet,Samsung,849.23,4.4,180,Globex Workplace,1,24,Standard,"Samsung tablet for enterprise procurement, team onboarding and managed office equipment refreshes.","tablet, office, enterprise, fast-delivery, high-rating"
P-0246,Apple Ergo Tablet 120,Tablet,Apple,782.68,4.6,96,Fabrikam Procurement,11,36,Business,"Apple tablet for enterprise procurement, team onboarding and managed office equipment refreshes.","tablet, office, enterprise, standard-delivery, high-rating"
P-0247,Microsoft Essential Tablet 121,Tablet,Microsoft,320.27,4.5,239,Globex Workplace,5,24,Standard,"Microsoft tablet for enterprise procurement, team onboarding and managed office equipment refreshes.","tablet, office, enterprise, fast-delivery, high-rating"
P-0248,Microsoft Secure Tablet 122,Tablet,Microsoft,273.48,4.1,11,Initech Corporate Supply,7,48,Enterprise,"Microsoft tablet for enterprise procurement, team onboarding and managed office equipment refreshes.","tablet, office, enterprise, standard-delivery, value"
P-0249,Xiaomi Ergo Tablet 123,Tablet,Xiaomi,401.35,4.1,75,Initech Corporate Supply,11,36,Enterprise,"Xiaomi tablet for enterprise procurement, team onboarding and managed office equipment refreshes.","tablet, office, enterprise, standard-delivery, value"
P-0250,Samsung Plus Tablet 124,Tablet,Samsung,831.5,4.8,207,Contoso Business Tech,11,36,Standard,"Samsung tablet for enterprise procurement, team onboarding and managed office equipment refreshes.","tablet, office, enterprise, standard-delivery, high-rating"
P-0251,Cisco Team Router 100,Router,Cisco,453.67,3.8,226,Fabrikam Procurement,12,48,Eco-Preferred,"Cisco router for enterprise procurement, team onboarding and managed office equipment refreshes.","router, office, enterprise, standard-delivery, value"
P-0252,Cisco Fleet Router 101,Router,Cisco,71.37,4.4,198,Contoso Business Tech,9,36,Enterprise,"Cisco router for enterprise procurement, team onboarding and managed office equipment refreshes.","router, office, enterprise, standard-delivery, high-rating"
P-0253,Cisco Pro Router 102,Router,Cisco,96.9,4.0,205,Contoso Business Tech,12,36,Business,"Cisco router for enterprise procurement, team onboarding and managed office equipment refreshes.","router, office, enterprise, standard-delivery, value"
P-0254,Netgear Plus Router 103,Router,Netgear,337.66,4.8,189,Globex Workplace,1,36,ISO-Ready,"Netgear router for enterprise procurement, team onboarding and managed office equipment refreshes.","router, office, enterprise, fast-delivery, high-rating"
P-0255,TP-Link Ergo Router 104,Router,TP-Link,213.34,4.1,145,Umbrella Office Systems,9,48,Enterprise,"TP-Link router for enterprise procurement, team onboarding and managed office equipment refreshes.","router, office, enterprise, standard-delivery, value"
P-0256,TP-Link Team Router 105,Router,TP-Link,420.18,4.8,100,Umbrella Office Systems,2,36,Eco-Preferred,"TP-Link router for enterprise procurement, team onboarding and managed office equipment refreshes.","router, office, enterprise, fast-delivery, high-rating"
P-0257,Netgear Ultra Router 106,Router,Netgear,128.34,4.3,47,Globex Workplace,8,36,ISO-Ready,"Netgear router for enterprise procurement, team onboarding and managed office equipment refreshes.","router, office, enterprise, standard-delivery, value"
P-0258,Netgear Pro Router 107,Router,Netgear,338.89,3.9,51,Umbrella Office Systems,7,12,Enterprise,"Netgear router for enterprise procurement, team onboarding and managed office equipment refreshes.","router, office, enterprise, standard-delivery, value"
P-0259,Cisco Essential Router 108,Router,Cisco,195.93,4.4,191,Contoso Business Tech,12,12,Eco-Preferred,"Cisco router for enterprise procurement, team onboarding and managed office equipment refreshes.","router, office, enterprise, standard-delivery, high-rating"
P-0260,Netgear Pro Router 109,Router,Netgear,452.75,4.7,156,Contoso Business Tech,7,48,Eco-Preferred,"Netgear router for enterprise procurement, team onboarding and managed office equipment refreshes.","router, office, enterprise, standard-delivery, high-rating"
P-0261,Asus Plus Router 110,Router,Asus,159.74,4.7,30,Northwind Office Supply,10,24,Business,"Asus router for enterprise procurement, team onboarding and managed office equipment refreshes.","router, office, enterprise, standard-delivery, high-rating"
P-0262,Cisco Plus Router 111,Router,Cisco,392.55,4.5,174,Fabrikam Procurement,6,12,ISO-Ready,"Cisco router for enterprise procurement, team onboarding and managed office equipment refreshes.","router, office, enterprise, standard-delivery, high-rating"
P-0263,TP-Link Ultra Router 112,Router,TP-Link,84.19,4.1,204,Northwind Office Supply,12,24,ISO-Ready,"TP-Link router for enterprise procurement, team onboarding and managed office equipment refreshes.","router, office, enterprise, standard-delivery, value"
P-0264,Ubiquiti Pro Router 113,Router,Ubiquiti,435.74,4.5,130,Initech Corporate Supply,2,48,ISO-Ready,"Ubiquiti router for enterprise procurement, team onboarding and managed office equipment refreshes.","router, office, enterprise, fast-delivery, high-rating"
P-0265,Ubiquiti Ergo Router 114,Router,Ubiquiti,373.49,4.5,248,Fabrikam Procurement,4,48,ISO-Ready,"Ubiquiti router for enterprise procurement, team onboarding and managed office equipment refreshes.","router, office, enterprise, fast-delivery, high-rating"
P-0266,TP-Link Secure Router 115,Router,TP-Link,301.76,4.0,180,Umbrella Office Systems,9,24,Eco-Preferred,"TP-Link router for enterprise procurement, team onboarding and managed office equipment refreshes.","router, office, enterprise, standard-delivery, value"
P-0267,TP-Link Ergo Router 116,Router,TP-Link,361.98,4.5,258,Globex Workplace,3,48,Eco-Preferred,"TP-Link router for enterprise procurement, team onboarding and managed office equipment refreshes.","router, office, enterprise, fast-delivery, high-rating"
P-0268,Ubiquiti Fleet Router 117,Router,Ubiquiti,364.87,4.2,110,Northwind Office Supply,2,48,Standard,"Ubiquiti router for enterprise procurement, team onboarding and managed office equipment refreshes.","router, office, enterprise, fast-delivery, value"
P-0269,TP-Link Secure Router 118,Router,TP-Link,57.75,4.4,127,Northwind Office Supply,6,24,ISO-Ready,"TP-Link router for enterprise procurement, team onboarding and managed office equipment refreshes.","router, office, enterprise, standard-delivery, high-rating"
P-0270,Cisco Plus Router 119,Router,Cisco,233.3,4.0,99,Fabrikam Procurement,12,24,ISO-Ready,"Cisco router for enterprise procurement, team onboarding and managed office equipment refreshes.","router, office, enterprise, standard-delivery, value"
P-0271,Netgear Pro Router 120,Router,Netgear,356.71,4.3,252,Globex Workplace,8,24,ISO-Ready,"Netgear router for enterprise procurement, team onboarding and managed office equipment refreshes.","router, office, enterprise, standard-delivery, value"
P-0272,Netgear Secure Router 121,Router,Netgear,261.98,4.2,259,Northwind Office Supply,3,24,Eco-Preferred,"Netgear router for enterprise procurement, team onboarding and managed office equipment refreshes.","router, office, enterprise, fast-delivery, value"
P-0273,Cisco Plus Router 122,Router,Cisco,130.34,4.2,112,Contoso Business Tech,6,48,Eco-Preferred,"Cisco router for enterprise procurement, team onboarding and managed office equipment refreshes.","router, office, enterprise, standard-delivery, value"
P-0274,Asus Plus Router 123,Router,Asus,58.5,3.8,31,Initech Corporate Supply,10,48,Enterprise,"Asus router for enterprise procurement, team onboarding and managed office equipment refreshes.","router, office, enterprise, standard-delivery, value"
P-0275,Cisco Ultra Router 124,Router,Cisco,406.56,4.8,74,Initech Corporate Supply,4,24,Eco-Preferred,"Cisco router for enterprise procurement, team onboarding and managed office equipment refreshes.","router, office, enterprise, fast-delivery, high-rating"
P-0276,Kingston Ergo External SSD 100,External SSD,Kingston,294.71,3.8,81,Umbrella Office Systems,9,36,Enterprise,"Kingston external ssd for enterprise procurement, team onboarding and managed office equipment refreshes.","external-ssd, office, enterprise, standard-delivery, value"
P-0277,Kingston Fleet External SSD 101,External SSD,Kingston,102.1,3.9,162,Globex Workplace,4,24,Enterprise,"Kingston external ssd for enterprise procurement, team onboarding and managed office equipment refreshes.","external-ssd, office, enterprise, fast-delivery, value"
P-0278,SanDisk Team External SSD 102,External SSD,SanDisk,59.9,4.7,149,Northwind Office Supply,6,36,Enterprise,"SanDisk external ssd for enterprise procurement, team onboarding and managed office equipment refreshes.","external-ssd, office, enterprise, standard-delivery, high-rating"
P-0279,Crucial Essential External SSD 103,External SSD,Crucial,142.58,4.1,102,Fabrikam Procurement,1,24,Standard,"Crucial external ssd for enterprise procurement, team onboarding and managed office equipment refreshes.","external-ssd, office, enterprise, fast-delivery, value"
P-0280,Crucial Fleet External SSD 104,External SSD,Crucial,199.9,4.0,48,Umbrella Office Systems,4,36,Standard,"Crucial external ssd for enterprise procurement, team onboarding and managed office equipment refreshes.","external-ssd, office, enterprise, fast-delivery, value"
P-0281,Kingston Secure External SSD 105,External SSD,Kingston,278.78,4.4,133,Contoso Business Tech,4,48,ISO-Ready,"Kingston external ssd for enterprise procurement, team onboarding and managed office equipment refreshes.","external-ssd, office, enterprise, fast-delivery, high-rating"
P-0282,Crucial Pro External SSD 106,External SSD,Crucial,58.0,4.6,251,Fabrikam Procurement,6,12,ISO-Ready,"Crucial external ssd for enterprise procurement, team onboarding and managed office equipment refreshes.","external-ssd, office, enterprise, standard-delivery, high-rating"
P-0283,WD Fleet External SSD 107,External SSD,WD,78.26,4.2,153,Fabrikam Procurement,5,36,Business,"WD external ssd for enterprise procurement, team onboarding and managed office equipment refreshes.","external-ssd, office, enterprise, fast-delivery, value"
P-0284,Samsung Secure External SSD 108,External SSD,Samsung,248.12,4.3,215,Contoso Business Tech,5,36,Business,"Samsung external ssd for enterprise procurement, team onboarding and managed office equipment refreshes.","external-ssd, office, enterprise, fast-delivery, value"
P-0285,Crucial Essential External SSD 109,External SSD,Crucial,197.54,4.1,129,Globex Workplace,10,12,Enterprise,"Crucial external ssd for enterprise procurement, team onboarding and managed office equipment refreshes.","external-ssd, office, enterprise, standard-delivery, value"
P-0286,SanDisk Secure External SSD 110,External SSD,SanDisk,215.42,3.9,19,Initech Corporate Supply,3,24,Standard,"SanDisk external ssd for enterprise procurement, team onboarding and managed office equipment refreshes.","external-ssd, office, enterprise, fast-delivery, value"
P-0287,Samsung Ultra External SSD 111,External SSD,Samsung,245.8,4.3,14,Umbrella Office Systems,11,12,Standard,"Samsung external ssd for enterprise procurement, team onboarding and managed office equipment refreshes.","external-ssd, office, enterprise, standard-delivery, value"
P-0288,Kingston Ultra External SSD 112,External SSD,Kingston,69.46,4.7,85,Contoso Business Tech,9,36,Eco-Preferred,"Kingston external ssd for enterprise procurement, team onboarding and managed office equipment refreshes.","external-ssd, office, enterprise, standard-delivery, high-rating"
P-0289,SanDisk Ultra External SSD 113,External SSD,SanDisk,300.82,4.1,213,Initech Corporate Supply,12,48,Business,"SanDisk external ssd for enterprise procurement, team onboarding and managed office equipment refreshes.","external-ssd, office, enterprise, standard-delivery, value"
P-0290,Kingston Essential External SSD 114,External SSD,Kingston,261.93,4.6,74,Fabrikam Procurement,11,24,Enterprise,"Kingston external ssd for enterprise procurement, team onboarding and managed office equipment refreshes.","external-ssd, office, enterprise, standard-delivery, high-rating"
P-0291,SanDisk Pro External SSD 115,External SSD,SanDisk,151.53,4.0,89,Northwind Office Supply,7,48,Eco-Preferred,"SanDisk external ssd for enterprise procurement, team onboarding and managed office equipment refreshes.","external-ssd, office, enterprise, standard-delivery, value"
P-0292,Crucial Secure External SSD 116,External SSD,Crucial,233.17,4.5,231,Fabrikam Procurement,11,36,Enterprise,"Crucial external ssd for enterprise procurement, team onboarding and managed office equipment refreshes.","external-ssd, office, enterprise, standard-delivery, high-rating"
P-0293,Crucial Secure External SSD 117,External SSD,Crucial,89.16,4.3,162,Initech Corporate Supply,3,12,Business,"Crucial external ssd for enterprise procurement, team onboarding and managed office equipment refreshes.","external-ssd, office, enterprise, fast-delivery, value"
P-0294,Samsung Team External SSD 118,External SSD,Samsung,204.84,4.2,116,Umbrella Office Systems,5,12,Standard,"Samsung external ssd for enterprise procurement, team onboarding and managed office equipment refreshes.","external-ssd, office, enterprise, fast-delivery, value"
P-0295,Kingston Essential External SSD 119,External SSD,Kingston,209.95,4.9,247,Northwind Office Supply,8,12,Enterprise,"Kingston external ssd for enterprise procurement, team onboarding and managed office equipment refreshes.","external-ssd, office, enterprise, standard-delivery, high-rating"
P-0296,SanDisk Pro External SSD 120,External SSD,SanDisk,151.52,4.6,55,Globex Workplace,5,12,Enterprise,"SanDisk external ssd for enterprise procurement, team onboarding and managed office equipment refreshes.","external-ssd, office, enterprise, fast-delivery, high-rating"
P-0297,SanDisk Team External SSD 121,External SSD,SanDisk,285.67,3.8,250,Umbrella Office Systems,7,24,Business,"SanDisk external ssd for enterprise procurement, team onboarding and managed office equipment refreshes.","external-ssd, office, enterprise, standard-delivery, value"
P-0298,Samsung Pro External SSD 122,External SSD,Samsung,261.38,4.2,65,Fabrikam Procurement,7,24,Eco-Preferred,"Samsung external ssd for enterprise procurement, team onboarding and managed office equipment refreshes.","external-ssd, office, enterprise, standard-delivery, value"
P-0299,SanDisk Pro External SSD 123,External SSD,SanDisk,154.72,4.6,177,Fabrikam Procurement,3,48,Business,"SanDisk external ssd for enterprise procurement, team onboarding and managed office equipment refreshes.","external-ssd, office, enterprise, fast-delivery, high-rating"
P-0300,WD Essential External SSD 124,External SSD,WD,123.79,4.8,109,Northwind Office Supply,5,36,ISO-Ready,"WD external ssd for enterprise procurement, team onboarding and managed office equipment refreshes.","external-ssd, office, enterprise, fast-delivery, high-rating"
P-0301,BenQ Pro Projector 100,Projector,BenQ,497.32,4.0,102,Fabrikam Procurement,12,24,Standard,"BenQ projector for enterprise procurement, team onboarding and managed office equipment refreshes.","projector, office, enterprise, standard-delivery, value"
P-0302,BenQ Essential Projector 101,Projector,BenQ,1194.07,4.0,122,Northwind Office Supply,12,24,ISO-Ready,"BenQ projector for enterprise procurement, team onboarding and managed office equipment refreshes.","projector, office, enterprise, standard-delivery, value"
P-0303,BenQ Team Projector 102,Projector,BenQ,415.27,4.5,151,Contoso Business Tech,1,36,ISO-Ready,"BenQ projector for enterprise procurement, team onboarding and managed office equipment refreshes.","projector, office, enterprise, fast-delivery, high-rating"
P-0304,BenQ Fleet Projector 103,Projector,BenQ,948.79,4.5,130,Initech Corporate Supply,7,24,Business,"BenQ projector for enterprise procurement, team onboarding and managed office equipment refreshes.","projector, office, enterprise, standard-delivery, high-rating"
P-0305,ViewSonic Secure Projector 104,Projector,ViewSonic,999.83,3.9,93,Fabrikam Procurement,11,48,Eco-Preferred,"ViewSonic projector for enterprise procurement, team onboarding and managed office equipment refreshes.","projector, office, enterprise, standard-delivery, value"
P-0306,BenQ Ergo Projector 105,Projector,BenQ,375.97,3.9,208,Initech Corporate Supply,6,48,Eco-Preferred,"BenQ projector for enterprise procurement, team onboarding and managed office equipment refreshes.","projector, office, enterprise, standard-delivery, value"
P-0307,BenQ Secure Projector 106,Projector,BenQ,1075.72,4.2,16,Northwind Office Supply,2,24,Standard,"BenQ projector for enterprise procurement, team onboarding and managed office equipment refreshes.","projector, office, enterprise, fast-delivery, value"
P-0308,Optoma Ergo Projector 107,Projector,Optoma,381.51,4.8,254,Northwind Office Supply,5,36,Standard,"Optoma projector for enterprise procurement, team onboarding and managed office equipment refreshes.","projector, office, enterprise, fast-delivery, high-rating"
P-0309,Optoma Pro Projector 108,Projector,Optoma,369.67,4.0,154,Fabrikam Procurement,5,36,Standard,"Optoma projector for enterprise procurement, team onboarding and managed office equipment refreshes.","projector, office, enterprise, fast-delivery, value"
P-0310,ViewSonic Plus Projector 109,Projector,ViewSonic,404.15,4.5,124,Umbrella Office Systems,8,36,Business,"ViewSonic projector for enterprise procurement, team onboarding and managed office equipment refreshes.","projector, office, enterprise, standard-delivery, high-rating"
P-0311,Epson Ergo Projector 110,Projector,Epson,1046.31,4.5,213,Globex Workplace,8,36,Eco-Preferred,"Epson projector for enterprise procurement, team onboarding and managed office equipment refreshes.","projector, office, enterprise, standard-delivery, high-rating"
P-0312,ViewSonic Fleet Projector 111,Projector,ViewSonic,413.81,4.8,11,Initech Corporate Supply,1,12,Eco-Preferred,"ViewSonic projector for enterprise procurement, team onboarding and managed office equipment refreshes.","projector, office, enterprise, fast-delivery, high-rating"
P-0313,Anker Team Projector 112,Projector,Anker,1062.28,4.3,196,Contoso Business Tech,11,48,Enterprise,"Anker projector for enterprise procurement, team onboarding and managed office equipment refreshes.","projector, office, enterprise, standard-delivery, value"
P-0314,BenQ Plus Projector 113,Projector,BenQ,506.29,4.3,252,Fabrikam Procurement,1,12,Standard,"BenQ projector for enterprise procurement, team onboarding and managed office equipment refreshes.","projector, office, enterprise, fast-delivery, value"
P-0315,Optoma Plus Projector 114,Projector,Optoma,1070.58,4.6,59,Fabrikam Procurement,6,48,Standard,"Optoma projector for enterprise procurement, team onboarding and managed office equipment refreshes.","projector, office, enterprise, standard-delivery, high-rating"
P-0316,ViewSonic Secure Projector 115,Projector,ViewSonic,610.47,4.6,143,Contoso Business Tech,9,36,Standard,"ViewSonic projector for enterprise procurement, team onboarding and managed office equipment refreshes.","projector, office, enterprise, standard-delivery, high-rating"
P-0317,ViewSonic Secure Projector 116,Projector,ViewSonic,455.01,4.4,50,Contoso Business Tech,7,48,ISO-Ready,"ViewSonic projector for enterprise procurement, team onboarding and managed office equipment refreshes.","projector, office, enterprise, standard-delivery, high-rating"
P-0318,Epson Essential Projector 117,Projector,Epson,426.51,3.8,254,Fabrikam Procurement,12,36,ISO-Ready,"Epson projector for enterprise procurement, team onboarding and managed office equipment refreshes.","projector, office, enterprise, standard-delivery, value"
P-0319,Anker Ultra Projector 118,Projector,Anker,1109.04,4.3,150,Northwind Office Supply,5,12,Enterprise,"Anker projector for enterprise procurement, team onboarding and managed office equipment refreshes.","projector, office, enterprise, fast-delivery, value"
P-0320,Epson Fleet Projector 119,Projector,Epson,573.75,3.9,208,Globex Workplace,2,48,Enterprise,"Epson projector for enterprise procurement, team onboarding and managed office equipment refreshes.","projector, office, enterprise, fast-delivery, value"
P-0321,BenQ Ultra Projector 120,Projector,BenQ,752.96,4.5,248,Umbrella Office Systems,2,48,Business,"BenQ projector for enterprise procurement, team onboarding and managed office equipment refreshes.","projector, office, enterprise, fast-delivery, high-rating"
P-0322,ViewSonic Fleet Projector 121,Projector,ViewSonic,916.67,3.8,211,Contoso Business Tech,8,12,Standard,"ViewSonic projector for enterprise procurement, team onboarding and managed office equipment refreshes.","projector, office, enterprise, standard-delivery, value"
P-0323,BenQ Ultra Projector 122,Projector,BenQ,776.29,4.7,26,Globex Workplace,9,12,Business,"BenQ projector for enterprise procurement, team onboarding and managed office equipment refreshes.","projector, office, enterprise, standard-delivery, high-rating"
P-0324,Anker Plus Projector 123,Projector,Anker,606.96,4.1,151,Umbrella Office Systems,12,48,Eco-Preferred,"Anker projector for enterprise procurement, team onboarding and managed office equipment refreshes.","projector, office, enterprise, standard-delivery, value"
P-0325,Optoma Ultra Projector 124,Projector,Optoma,1203.46,4.1,91,Umbrella Office Systems,12,12,Enterprise,"Optoma projector for enterprise procurement, team onboarding and managed office equipment refreshes.","projector, office, enterprise, standard-delivery, value"
P-0326,Poly Plus Conference Speaker 100,Conference Speaker,Poly,302.59,4.1,23,Umbrella Office Systems,6,36,ISO-Ready,"Poly conference speaker for enterprise procurement, team onboarding and managed office equipment refreshes.","conference-speaker, office, enterprise, standard-delivery, value"
P-0327,Yealink Essential Conference Speaker 101,Conference Speaker,Yealink,162.8,4.3,116,Initech Corporate Supply,8,24,ISO-Ready,"Yealink conference speaker for enterprise procurement, team onboarding and managed office equipment refreshes.","conference-speaker, office, enterprise, standard-delivery, value"
P-0328,Anker Ergo Conference Speaker 102,Conference Speaker,Anker,80.43,4.3,236,Umbrella Office Systems,7,36,ISO-Ready,"Anker conference speaker for enterprise procurement, team onboarding and managed office equipment refreshes.","conference-speaker, office, enterprise, standard-delivery, value"
P-0329,Poly Plus Conference Speaker 103,Conference Speaker,Poly,364.29,4.4,16,Northwind Office Supply,6,12,ISO-Ready,"Poly conference speaker for enterprise procurement, team onboarding and managed office equipment refreshes.","conference-speaker, office, enterprise, standard-delivery, high-rating"
P-0330,Yealink Pro Conference Speaker 104,Conference Speaker,Yealink,429.03,4.7,88,Globex Workplace,10,36,Business,"Yealink conference speaker for enterprise procurement, team onboarding and managed office equipment refreshes.","conference-speaker, office, enterprise, standard-delivery, high-rating"
P-0331,Poly Ergo Conference Speaker 105,Conference Speaker,Poly,258.15,4.1,117,Northwind Office Supply,4,12,Business,"Poly conference speaker for enterprise procurement, team onboarding and managed office equipment refreshes.","conference-speaker, office, enterprise, fast-delivery, value"
P-0332,Yealink Ergo Conference Speaker 106,Conference Speaker,Yealink,296.04,4.7,17,Northwind Office Supply,3,36,Business,"Yealink conference speaker for enterprise procurement, team onboarding and managed office equipment refreshes.","conference-speaker, office, enterprise, fast-delivery, high-rating"
P-0333,Poly Ultra Conference Speaker 107,Conference Speaker,Poly,167.23,4.6,149,Fabrikam Procurement,8,24,Business,"Poly conference speaker for enterprise procurement, team onboarding and managed office equipment refreshes.","conference-speaker, office, enterprise, standard-delivery, high-rating"
P-0334,Yealink Essential Conference Speaker 108,Conference Speaker,Yealink,271.38,4.1,59,Contoso Business Tech,8,12,Eco-Preferred,"Yealink conference speaker for enterprise procurement, team onboarding and managed office equipment refreshes.","conference-speaker, office, enterprise, standard-delivery, value"
P-0335,Logitech Ergo Conference Speaker 109,Conference Speaker,Logitech,347.56,4.3,252,Umbrella Office Systems,12,36,Enterprise,"Logitech conference speaker for enterprise procurement, team onboarding and managed office equipment refreshes.","conference-speaker, office, enterprise, standard-delivery, value"
P-0336,Yealink Team Conference Speaker 110,Conference Speaker,Yealink,397.83,4.1,157,Contoso Business Tech,8,36,Eco-Preferred,"Yealink conference speaker for enterprise procurement, team onboarding and managed office equipment refreshes.","conference-speaker, office, enterprise, standard-delivery, value"
P-0337,Logitech Ultra Conference Speaker 111,Conference Speaker,Logitech,315.69,3.9,92,Umbrella Office Systems,5,48,Business,"Logitech conference speaker for enterprise procurement, team onboarding and managed office equipment refreshes.","conference-speaker, office, enterprise, fast-delivery, value"
P-0338,Logitech Essential Conference Speaker 112,Conference Speaker,Logitech,206.01,4.6,93,Fabrikam Procurement,5,12,Enterprise,"Logitech conference speaker for enterprise procurement, team onboarding and managed office equipment refreshes.","conference-speaker, office, enterprise, fast-delivery, high-rating"
P-0339,Anker Fleet Conference Speaker 113,Conference Speaker,Anker,198.81,4.9,200,Umbrella Office Systems,4,12,Business,"Anker conference speaker for enterprise procurement, team onboarding and managed office equipment refreshes.","conference-speaker, office, enterprise, fast-delivery, high-rating"
P-0340,Jabra Secure Conference Speaker 114,Conference Speaker,Jabra,157.88,4.4,38,Fabrikam Procurement,8,24,Standard,"Jabra conference speaker for enterprise procurement, team onboarding and managed office equipment refreshes.","conference-speaker, office, enterprise, standard-delivery, high-rating"
P-0341,Poly Fleet Conference Speaker 115,Conference Speaker,Poly,97.8,4.4,198,Globex Workplace,4,36,Business,"Poly conference speaker for enterprise procurement, team onboarding and managed office equipment refreshes.","conference-speaker, office, enterprise, fast-delivery, high-rating"
P-0342,Jabra Essential Conference Speaker 116,Conference Speaker,Jabra,175.86,4.8,176,Northwind Office Supply,11,48,Business,"Jabra conference speaker for enterprise procurement, team onboarding and managed office equipment refreshes.","conference-speaker, office, enterprise, standard-delivery, high-rating"
P-0343,Anker Fleet Conference Speaker 117,Conference Speaker,Anker,323.91,4.3,30,Umbrella Office Systems,4,36,Eco-Preferred,"Anker conference speaker for enterprise procurement, team onboarding and managed office equipment refreshes.","conference-speaker, office, enterprise, fast-delivery, value"
P-0344,Yealink Team Conference Speaker 118,Conference Speaker,Yealink,374.05,4.0,123,Initech Corporate Supply,1,12,Eco-Preferred,"Yealink conference speaker for enterprise procurement, team onboarding and managed office equipment refreshes.","conference-speaker, office, enterprise, fast-delivery, value"
P-0345,Poly Essential Conference Speaker 119,Conference Speaker,Poly,393.29,3.8,142,Globex Workplace,2,36,ISO-Ready,"Poly conference speaker for enterprise procurement, team onboarding and managed office equipment refreshes.","conference-speaker, office, enterprise, fast-delivery, value"
P-0346,Yealink Team Conference Speaker 120,Conference Speaker,Yealink,152.08,3.8,145,Northwind Office Supply,9,36,Enterprise,"Yealink conference speaker for enterprise procurement, team onboarding and managed office equipment refreshes.","conference-speaker, office, enterprise, standard-delivery, value"
P-0347,Yealink Pro Conference Speaker 121,Conference Speaker,Yealink,282.21,4.0,168,Northwind Office Supply,12,36,Enterprise,"Yealink conference speaker for enterprise procurement, team onboarding and managed office equipment refreshes.","conference-speaker, office, enterprise, standard-delivery, value"
P-0348,Yealink Pro Conference Speaker 122,Conference Speaker,Yealink,421.29,4.1,40,Initech Corporate Supply,5,36,Business,"Yealink conference speaker for enterprise procurement, team onboarding and managed office equipment refreshes.","conference-speaker, office, enterprise, fast-delivery, value"
P-0349,Jabra Essential Conference Speaker 123,Conference Speaker,Jabra,378.97,4.7,237,Globex Workplace,5,36,Enterprise,"Jabra conference speaker for enterprise procurement, team onboarding and managed office equipment refreshes.","conference-speaker, office, enterprise, fast-delivery, high-rating"
P-0350,Jabra Team Conference Speaker 124,Conference Speaker,Jabra,266.97,4.5,258,Umbrella Office Systems,10,48,Eco-Preferred,"Jabra conference speaker for enterprise procurement, team onboarding and managed office equipment refreshes.","conference-speaker, office, enterprise, standard-delivery, high-rating"
P-0351,FlexiSpot Essential Standing Desk 100,Standing Desk,FlexiSpot,913.57,4.7,54,Contoso Business Tech,9,24,ISO-Ready,"FlexiSpot standing desk for enterprise procurement, team onboarding and managed office equipment refreshes.","standing-desk, office, enterprise, standard-delivery, high-rating"
P-0352,Uplift Ultra Standing Desk 101,Standing Desk,Uplift,329.39,4.9,167,Umbrella Office Systems,6,24,Enterprise,"Uplift standing desk for enterprise procurement, team onboarding and managed office equipment refreshes.","standing-desk, office, enterprise, standard-delivery, high-rating"
P-0353,Vari Secure Standing Desk 102,Standing Desk,Vari,584.09,4.8,232,Globex Workplace,6,12,Standard,"Vari standing desk for enterprise procurement, team onboarding and managed office equipment refreshes.","standing-desk, office, enterprise, standard-delivery, high-rating"
P-0354,Branch Team Standing Desk 103,Standing Desk,Branch,795.49,4.0,170,Globex Workplace,10,12,Enterprise,"Branch standing desk for enterprise procurement, team onboarding and managed office equipment refreshes.","standing-desk, office, enterprise, standard-delivery, value"
P-0355,Branch Fleet Standing Desk 104,Standing Desk,Branch,535.98,4.9,116,Globex Workplace,5,24,Business,"Branch standing desk for enterprise procurement, team onboarding and managed office equipment refreshes.","standing-desk, office, enterprise, fast-delivery, high-rating"
P-0356,Vari Fleet Standing Desk 105,Standing Desk,Vari,336.66,3.9,76,Globex Workplace,10,12,Standard,"Vari standing desk for enterprise procurement, team onboarding and managed office equipment refreshes.","standing-desk, office, enterprise, standard-delivery, value"
P-0357,Branch Pro Standing Desk 106,Standing Desk,Branch,795.21,4.4,27,Northwind Office Supply,10,36,Enterprise,"Branch standing desk for enterprise procurement, team onboarding and managed office equipment refreshes.","standing-desk, office, enterprise, standard-delivery, high-rating"
P-0358,Vari Essential Standing Desk 107,Standing Desk,Vari,441.06,3.9,110,Initech Corporate Supply,10,36,ISO-Ready,"Vari standing desk for enterprise procurement, team onboarding and managed office equipment refreshes.","standing-desk, office, enterprise, standard-delivery, value"
P-0359,Ikea Fleet Standing Desk 108,Standing Desk,Ikea,573.15,4.8,197,Fabrikam Procurement,10,48,Standard,"Ikea standing desk for enterprise procurement, team onboarding and managed office equipment refreshes.","standing-desk, office, enterprise, standard-delivery, high-rating"
P-0360,Branch Plus Standing Desk 109,Standing Desk,Branch,232.02,4.6,226,Globex Workplace,2,36,Enterprise,"Branch standing desk for enterprise procurement, team onboarding and managed office equipment refreshes.","standing-desk, office, enterprise, fast-delivery, high-rating"
P-0361,Ikea Secure Standing Desk 110,Standing Desk,Ikea,386.82,4.1,97,Globex Workplace,5,48,Standard,"Ikea standing desk for enterprise procurement, team onboarding and managed office equipment refreshes.","standing-desk, office, enterprise, fast-delivery, value"
P-0362,Vari Plus Standing Desk 111,Standing Desk,Vari,666.16,4.6,86,Contoso Business Tech,3,12,Eco-Preferred,"Vari standing desk for enterprise procurement, team onboarding and managed office equipment refreshes.","standing-desk, office, enterprise, fast-delivery, high-rating"
P-0363,Vari Fleet Standing Desk 112,Standing Desk,Vari,766.19,4.5,93,Fabrikam Procurement,9,12,ISO-Ready,"Vari standing desk for enterprise procurement, team onboarding and managed office equipment refreshes.","standing-desk, office, enterprise, standard-delivery, high-rating"
P-0364,Branch Essential Standing Desk 113,Standing Desk,Branch,847.56,4.8,192,Fabrikam Procurement,1,12,Enterprise,"Branch standing desk for enterprise procurement, team onboarding and managed office equipment refreshes.","standing-desk, office, enterprise, fast-delivery, high-rating"
P-0365,Branch Fleet Standing Desk 114,Standing Desk,Branch,692.03,4.4,72,Fabrikam Procurement,12,36,Business,"Branch standing desk for enterprise procurement, team onboarding and managed office equipment refreshes.","standing-desk, office, enterprise, standard-delivery, high-rating"
P-0366,Uplift Secure Standing Desk 115,Standing Desk,Uplift,408.82,4.5,198,Initech Corporate Supply,8,48,Eco-Preferred,"Uplift standing desk for enterprise procurement, team onboarding and managed office equipment refreshes.","standing-desk, office, enterprise, standard-delivery, high-rating"
P-0367,Ikea Plus Standing Desk 116,Standing Desk,Ikea,312.23,4.4,137,Globex Workplace,10,12,ISO-Ready,"Ikea standing desk for enterprise procurement, team onboarding and managed office equipment refreshes.","standing-desk, office, enterprise, standard-delivery, high-rating"
P-0368,Branch Team Standing Desk 117,Standing Desk,Branch,728.01,4.6,209,Globex Workplace,7,24,Business,"Branch standing desk for enterprise procurement, team onboarding and managed office equipment refreshes.","standing-desk, office, enterprise, standard-delivery, high-rating"
P-0369,FlexiSpot Essential Standing Desk 118,Standing Desk,FlexiSpot,893.5,4.3,177,Contoso Business Tech,8,24,Enterprise,"FlexiSpot standing desk for enterprise procurement, team onboarding and managed office equipment refreshes.","standing-desk, office, enterprise, standard-delivery, value"
P-0370,Ikea Ultra Standing Desk 119,Standing Desk,Ikea,874.39,4.3,126,Globex Workplace,6,12,Standard,"Ikea standing desk for enterprise procurement, team onboarding and managed office equipment refreshes.","standing-desk, office, enterprise, standard-delivery, value"
P-0371,Branch Ultra Standing Desk 120,Standing Desk,Branch,443.76,4.5,100,Northwind Office Supply,2,24,Enterprise,"Branch standing desk for enterprise procurement, team onboarding and managed office equipment refreshes.","standing-desk, office, enterprise, fast-delivery, high-rating"
P-0372,Vari Plus Standing Desk 121,Standing Desk,Vari,868.31,4.4,233,Northwind Office Supply,4,48,Standard,"Vari standing desk for enterprise procurement, team onboarding and managed office equipment refreshes.","standing-desk, office, enterprise, fast-delivery, high-rating"
P-0373,Ikea Ergo Standing Desk 122,Standing Desk,Ikea,239.17,4.9,168,Umbrella Office Systems,1,12,Enterprise,"Ikea standing desk for enterprise procurement, team onboarding and managed office equipment refreshes.","standing-desk, office, enterprise, fast-delivery, high-rating"
P-0374,Branch Fleet Standing Desk 123,Standing Desk,Branch,637.16,4.6,123,Umbrella Office Systems,2,48,Enterprise,"Branch standing desk for enterprise procurement, team onboarding and managed office equipment refreshes.","standing-desk, office, enterprise, fast-delivery, high-rating"
P-0375,Uplift Pro Standing Desk 124,Standing Desk,Uplift,363.9,4.7,160,Fabrikam Procurement,6,48,Enterprise,"Uplift standing desk for enterprise procurement, team onboarding and managed office equipment refreshes.","standing-desk, office, enterprise, standard-delivery, high-rating"
